Time,ID,Activity,GeneralisedActivity,OtherActivity,Accel.X_x_acf1,Accel.X_x_acf10,Accel.X_diff1_acf1,Accel.X_diff1_acf10,Accel.X_diff2_acf1,Accel.X_diff2_acf10,Accel.X_ARCH.LM,Accel.X_embed2_incircle_1,Accel.X_embed2_incircle_2,Accel.X_ac_9,Accel.X_firstmin_ac,Accel.X_trev_num,Accel.X_motiftwo_entro3,Accel.X_walker_propcross,Accel.X_crossing_points,Accel.X_histogram_mode_10,Accel.X_outlierinclude_mdrmd,Accel.X_entropy,Accel.X_firstzero_ac,Accel.X_flat_spots,Accel.X_arch_acf,Accel.X_garch_acf,Accel.X_arch_r2,Accel.X_garch_r2,Accel.X_alpha,Accel.X_beta,Accel.X_gamma,Accel.X_hurst,Accel.X_lumpiness,Accel.X_stability,Accel.X_max_level_shift,Accel.X_time_level_shift,Accel.X_max_var_shift,Accel.X_time_var_shift,Accel.X_max_kl_shift,Accel.X_time_kl_shift,Accel.X_nonlinearity,Accel.X_x_pacf5,Accel.X_diff1x_pacf5,Accel.X_diff2x_pacf5,Accel.X_localsimple_mean1,Accel.X_localsimple_lfitac,Accel.X_sampen_first,Accel.X_std1st_der,Accel.X_spreadrandomlocal_meantaul_50,Accel.X_spreadrandomlocal_meantaul_ac2,Accel.X_nperiods,Accel.X_seasonal_period,Accel.X_trend,Accel.X_spike,Accel.X_linearity,Accel.X_curvature,Accel.X_e_acf1,Accel.X_e_acf10,Accel.X_unitroot_kpss,Accel.X_zero_proportion,Accel.Y_x_acf1,Accel.Y_x_acf10,Accel.Y_diff1_acf1,Accel.Y_diff1_acf10,Accel.Y_diff2_acf1,Accel.Y_diff2_acf10,Accel.Y_ARCH.LM,Accel.Y_embed2_incircle_1,Accel.Y_embed2_incircle_2,Accel.Y_ac_9,Accel.Y_firstmin_ac,Accel.Y_trev_num,Accel.Y_motiftwo_entro3,Accel.Y_walker_propcross,Accel.Y_crossing_points,Accel.Y_histogram_mode_10,Accel.Y_outlierinclude_mdrmd,Accel.Y_entropy,Accel.Y_firstzero_ac,Accel.Y_flat_spots,Accel.Y_arch_acf,Accel.Y_garch_acf,Accel.Y_arch_r2,Accel.Y_garch_r2,Accel.Y_alpha,Accel.Y_beta,Accel.Y_gamma,Accel.Y_hurst,Accel.Y_lumpiness,Accel.Y_stability,Accel.Y_max_level_shift,Accel.Y_time_level_shift,Accel.Y_max_var_shift,Accel.Y_time_var_shift,Accel.Y_max_kl_shift,Accel.Y_time_kl_shift,Accel.Y_nonlinearity,Accel.Y_x_pacf5,Accel.Y_diff1x_pacf5,Accel.Y_diff2x_pacf5,Accel.Y_localsimple_mean1,Accel.Y_localsimple_lfitac,Accel.Y_sampen_first,Accel.Y_std1st_der,Accel.Y_spreadrandomlocal_meantaul_50,Accel.Y_spreadrandomlocal_meantaul_ac2,Accel.Y_nperiods,Accel.Y_seasonal_period,Accel.Y_trend,Accel.Y_spike,Accel.Y_linearity,Accel.Y_curvature,Accel.Y_e_acf1,Accel.Y_e_acf10,Accel.Y_unitroot_kpss,Accel.Y_zero_proportion,Accel.Z_x_acf1,Accel.Z_x_acf10,Accel.Z_diff1_acf1,Accel.Z_diff1_acf10,Accel.Z_diff2_acf1,Accel.Z_diff2_acf10,Accel.Z_ARCH.LM,Accel.Z_embed2_incircle_1,Accel.Z_embed2_incircle_2,Accel.Z_ac_9,Accel.Z_firstmin_ac,Accel.Z_trev_num,Accel.Z_motiftwo_entro3,Accel.Z_walker_propcross,Accel.Z_crossing_points,Accel.Z_histogram_mode_10,Accel.Z_outlierinclude_mdrmd,Accel.Z_entropy,Accel.Z_firstzero_ac,Accel.Z_flat_spots,Accel.Z_arch_acf,Accel.Z_garch_acf,Accel.Z_arch_r2,Accel.Z_garch_r2,Accel.Z_alpha,Accel.Z_beta,Accel.Z_gamma,Accel.Z_hurst,Accel.Z_lumpiness,Accel.Z_stability,Accel.Z_max_level_shift,Accel.Z_time_level_shift,Accel.Z_max_var_shift,Accel.Z_time_var_shift,Accel.Z_max_kl_shift,Accel.Z_time_kl_shift,Accel.Z_nonlinearity,Accel.Z_x_pacf5,Accel.Z_diff1x_pacf5,Accel.Z_diff2x_pacf5,Accel.Z_localsimple_mean1,Accel.Z_localsimple_lfitac,Accel.Z_sampen_first,Accel.Z_std1st_der,Accel.Z_spreadrandomlocal_meantaul_50,Accel.Z_spreadrandomlocal_meantaul_ac2,Accel.Z_nperiods,Accel.Z_seasonal_period,Accel.Z_trend,Accel.Z_spike,Accel.Z_linearity,Accel.Z_curvature,Accel.Z_e_acf1,Accel.Z_e_acf10,Accel.Z_unitroot_kpss,Accel.Z_zero_proportion,mean_Accelerometer.X,max_Accelerometer.X,min_Accelerometer.X,sd_Accelerometer.X,sk_Accelerometer.X,mean_mag_Accelerometer.X,max_mag_Accelerometer.X,total_power_Accelerometer.X,peak_freq_Accelerometer.X,mean_Accelerometer.Y,max_Accelerometer.Y,min_Accelerometer.Y,sd_Accelerometer.Y,sk_Accelerometer.Y,mean_mag_Accelerometer.Y,max_mag_Accelerometer.Y,total_power_Accelerometer.Y,peak_freq_Accelerometer.Y,mean_Accelerometer.Z,max_Accelerometer.Z,min_Accelerometer.Z,sd_Accelerometer.Z,sk_Accelerometer.Z,mean_mag_Accelerometer.Z,max_mag_Accelerometer.Z,total_power_Accelerometer.Z,peak_freq_Accelerometer.Z,SMA,minODBA,maxODBA,minVDBA,maxVDBA
2014-02-21T13:13:57Z,-_B!,Feed,Feed,Feed,0.152281509139061,,,,,,,0.625,1,0.00119393913081231,3,-0.024093,1.66746193342929,0.222222222222222,5,-0.5,0.5,0.0416145082079734,2,2,0.299079880869929,0.318672436656565,,,,,,0.500045830129239,0,0,0,,0,,,,1.80854189930164,0.374893434798342,0.45554449046209,0.397358976856223,1,1,0.980829253011726,0.493558507170123,,1.37,0,1,0.207165850376495,0.000381432701739561,0.0897686139490778,0.26359373337676,-0.0423856092683828,,0.119700545598423,0,-0.268820955772748,,,,,,,1,1,0.012667091024825,1,-0.003804,1.32088834314932,0.222222222222222,4,-0.35,0.6,1,1,5,0.0506413332772938,0.0563821239151442,,,,,,0.500045830129239,0,0,0,,0,,,,6.80568079273759,0.171316011406681,0.582775524478742,0.221179635664438,1,1,0.351397886837889,0.62269575235423,,0.57,0,1,0.0887278450904175,0.000964589544934123,0.274281215403075,0.07536692109414,-0.437986962358323,,0.236110477387015,0,-0.0199831941599706,,,,,,,0,0.777777777777778,0.0337954939341421,2,0.028841,1.38629436111989,0,4,0.75,0.2,1,1,5,0.0883872121176313,0.108358643446954,,,,,,0.500045830129239,0,0,0,,0,,,,1.83042160691891,0.167523529243009,0.359926942475459,1.17740166742171,1,1,0.287682072451781,0.484355241532493,,0.57,0,1,0.165192477242985,0.000681296724246561,0.124865019019116,-0.206574224087142,-0.15669495605278,,0.136060049658856,0,-0.555,0.2,-1.23,0.357716523396825,0.195393418465528,1.95158952941737,5.55,35.8527,0,-0.251,0.77,-0.56,0.371347396502101,1.98671001579891,1.43533030334164,2.51,11.9955,0,0.865,1.77,0.67,0.325243498525848,2.09103287549841,2.56908647929043,8.65,79.3015,0,1.865,1.5,3.23,0.898776946744853,2.16764849548999
2014-02-24T11:34:39Z,-_B!,Nest,Nest,Nest,0.240245515635748,,,,,,,1,1,0.152579501560929,5,-0.0374318888888889,1.38629436111989,0.222222222222222,2,-0.65,0.1,0.669358915267443,2,5,0.0425420064594877,0.219068496386499,,,,,,0.563305877070357,0,0,0,,0,,,,6.79356705493372,0.199571694286358,0.0398915241427991,0.0846282386176405,3,1,0.492476485097794,0.289947313221634,,1.45,0,1,0.598541546820002,3.61043090161515e-05,-0.0405917873996752,0.420813958060513,-0.0284118897613801,,0.144121852497207,0,-0.0258731103105486,,,,,,,0.888888888888889,1,-0.113117150205424,1,-0.312493666666667,1.66746193342929,0.333333333333333,3,0.1,-0.1,0.493770402555713,1,5,0.277035305412471,0.066834395744676,,,,,,0.500045830129239,0,0,0,,0,,,,1.2008256319394,0.0466652505824433,0.63342147601253,0.519237112139699,1,1,0.606135803570316,0.660832807902271,,0.63,0,1,0.340372785546221,0.000612485722706318,-0.787342794362654,-0.179136725458832,-0.349764860845207,,0.345941221722842,0,0.459424566580598,,,,,,,0.428571428571429,1,-0.130025820730358,5,-0.0161957777777778,1.07354284640852,0.222222222222222,1,0.725,0.7,0.888621318602953,3,5,0.0566638355568299,0.0691550492801504,,,,,,0.822181505046492,0,0,0,,0,,,,0.203989103533465,0.292693179365716,0.497231251055143,0.674912167686585,1,1,0.318453731118535,0.196941897805193,,1,0,1,0.679258836192681,9.77534550882174e-06,-0.473398730257935,-0.124126694284615,-0.17560560752201,,0.374433196977051,0,-0.448,0.2,-0.67,0.289819867427262,0.968173754603629,1.58991029212586,4.48,23.7924,0,-0.043,0.77,-0.98,0.487010152757506,-0.301128626006227,1.1890322092659,1.6453527045014,8.0019,0.2,0.615,0.84,0.2,0.212563715937912,-0.810258929084466,1.70648825104903,6.15,39.6313,0,1.482,0.99,1.81,0.576974869470066,1.15693560754262
2014-03-19T10:53:17Z,-_B!,SlowMove,SlowMove,SlowMove,-0.0549620680634498,,,,,,,1,1,0.107258198768104,2,-0.0328688888888889,1.55958115625988,0.222222222222222,4,-0.25,0.8,0.344959916271092,1,3,0.766559381572959,0.095844715675643,,,,,,0.500045830129239,0,0,0,,0,,,,0.408379821422716,0.259229713289328,0.26482598997895,0.273855016232545,2,2,0.382992252256106,0.300393260761807,,0.52,0,1,0.0979111007252682,4.728492461676e-05,0.113564097787436,-0.0778181831543528,-0.133502514654942,,0.170902054482049,0,0.44824820599409,,,,,,,1,1,0.0284930350358801,4,-0.00485166666666667,1.49417513828931,0.222222222222222,2,-0.175,0.6,0.405522705864419,3,2,0.108547100981061,0.0989449922253322,,,,,,0.747736811429691,0,0,0,,0,,,,4.42052799644507,0.271987646172061,0.265538573268537,0.183550163403338,1,2,0.382992252256106,0.27267196408872,,1.4,0,1,0.453656425004694,2.93728500986047e-05,0.52208161795486,0.0371833605568854,-0.111738499327972,,0.328648174827724,0,0.506277040223491,,,,,,,0.571428571428571,1,-0.0240895943039383,6,0.0936671111111111,1.2130075659799,0.222222222222222,3,0.75,-0.3,0.764626745318531,3,6,0.312273081827814,0.346852643645267,,,,,,0.781847541739982,0,0,0,,0,,,,4.46168199053628,0.40358474423496,0.36840637648228,0.663126361206559,1,1,0.182321556793955,0.424336082735267,,2,0,1,0.490334291947885,0.0001990873150018,0.776636354376612,0.0157540278639904,0.154240274234664,,0.31189673259943,0,-0.151,0.19,-0.53,0.216150667616621,0.204444897528438,0.848880942081061,1.51,4.3065,0,-0.115,0.34,-0.36,0.256525935444266,0.886449214659458,0.841531335474775,1.27405490413656,4.2693,0.1,0.492,0.84,-0.25,0.42399685533425,-0.887520733736765,2.01817035260237,4.92,32.2944,0,1.07,0.55,1.56,0.332716095192283,1.01123686641657
2014-03-19T15:11:47Z,-_B!,StatMove,StatMove,StatMove,0.134573025934444,,,,,,,1,1,0.168543968886146,6,-0.0397256666666667,1.38629436111989,0.222222222222222,2,-0.55,0.1,1,3,5,0.0558918154392651,0.207035292437368,,,,,,0.500045830129239,0,0,0,,0,,,,12.0203366142874,0.148273520641737,0.0242550146820054,0.105812463281868,3,2,0.182321556793955,0.268421310629391,,1.33,0,1,0.52752120041054,3.26113613395617e-05,0.0163377120705349,0.329244883380328,-0.164355322735783,,0.144647912528781,0,0.676862332192683,,,,,,,0.571428571428571,0.857142857142857,-0.00501886461349477,5,0.142640111111111,1.2130075659799,0.222222222222222,2,-0.5,0.2,0.706825796389687,3,3,0.211001158799525,0.196961637877205,,,,,,0.912915646256405,0,0,0,,0,,,,5.75662038473085,0.662807685767572,0.313139009510149,0.497012031948686,2,2,0.693147180559945,0.474116136733513,,2.09,0,1,0.850154691553144,0.000190891161623079,1.61665888871114,0.881178359060135,0.260665874552994,,0.322301911800396,0,0.725803928799647,,,,,,,0.714285714285714,1,-0.0304305529504147,6,-0.0318648888888889,1.2130075659799,0.111111111111111,3,0.7,0.1,0.545850564042528,3,3,0.0980652437025935,0.135557765843714,,,,,,0.901542081336429,0,0,0,,0,,,,3.64217153561259,0.917332016684269,0.302312667891679,0.0491244957117864,2,2,0.470003629245736,0.418721599368575,,2,0,1,0.707202758336337,0.000181167731055067,-1.44773098016416,-0.155744916198403,0.0799118054482589,,0.358384964064187,0,-0.363,0.19,-0.59,0.243769016352229,1.02572826260178,1.31305168255002,3.63,15.7209,0,0.362,1.61,-0.44,0.779640942998763,0.402458078029633,2.36910359468578,4.80424909474177,40.342,0.1,0.289,0.86,-0.63,0.591184310421791,-0.548787179835956,1.7639612281641,3.57145586394707,24.0735,0.1,1.64,1.29,2.13,0.791770168672703,1.62486922550709
2014-02-24T11:34:28Z,-_B!,notMoving,notMoving,notMoving,0.570157266328076,,,,,,,1,1,,3,-0.00383542857142857,1.242453324894,0,1,-0.475,-0.125,0.765206299401494,3,3,0.0754485836432148,0.0760110995836356,,,,,,0.825359086530034,0,0,,,,,,,3.40697924654261,0.67818899411931,0.218408777669708,0.404957686308943,1,1,0.31015492830384,0.120059509053993,,2,0,1,0.704503475006682,8.73807913367159e-07,-0.283910448762751,0.0739498804693324,0.0241463978174852,,0.305758711507294,0,0.593609051953333,,,,,,,0.4,0.6,,5,-1.43405614285714,1.242453324894,0.142857142857143,1,-0.5,0.125,0.642581496839657,3,5,0.0727462261455587,0.0720171482432824,,,,,,0.846701270736579,0,0,,,,,,,4.00591556177785,0.619766146075816,0.301138255015889,0.353236645726678,1,1,0.154150679827258,0.84684568786032,,2,0,1,0.744953063713991,0.00249969669859291,-2.32473427052888,0.401497316601363,-0.0447861749546143,,0.331039140128798,0,0.40882050772188,,,,,,,1,1,,5,0.0798814285714286,1.242453324894,0.142857142857143,1,0.65,0.125,0.456848907655193,3,5,0.041419818920199,0.369982969382557,,,,,,0.842866317514412,0,0,,,,,,,0.219277189934463,0.302646379141958,0.495274100934279,0.658646993642965,1,1,0.154150679827258,0.310736452411272,,3,0,1,0.881179744150593,2.63658093319406e-05,1.11283575992661,-0.254831982462395,-0.32027404591616,,0.373126018204856,0,-0.37875,-0.2,-0.5,0.141566491192554,0.38079252220066,1.00996584888982,3.03,9.7056,0,0.2125,1.61,-0.56,1.06856044684961,0.446064219823988,2.39721789892036,5.00469599950991,33.2048,0.125,0.37875,0.75,-0.63,0.492412066116523,-0.948063491510938,1.75647564889358,3.03,15.138,0,1.825,1.71,2.13,0.994032192637643,1.62486922550709
2014-09-11T16:11:22Z,-_Y!,CCONE,CCONE,CCONE,0.453978605159177,,,,,,,0.285714285714286,0.857142857142857,-0.01776157280992,3,0.00331011111111111,1.25548232517875,0,1,-0.925,0.1,0.358439053972688,3,2,0.532789532269478,0.441072477009448,,,,,,0.780020706591966,0,0,0,,0,,,,1.53734951152748,0.365559104704001,0.518488349477641,0.577859193010612,2,2,0.200670695462151,0.174722001413038,,1.63,0,1,0.526911011981038,2.06400985913644e-06,0.350206822334913,-0.125923051328403,0.233512997850626,,0.312400862257772,0,0.493715124409798,,,,,,,0.6,1,-0.199327065534955,2,-0.153838111111111,1.49417513828931,0.111111111111111,1,-0.9,0.8,0.786833134813438,5,4,0.0694635546757994,0.0673232703409569,,,,,,0.877454932795759,0,0,0,,0,,,,1.42950597522677,0.463250569639514,0.358916237436151,0.730423919286392,1,1,0.762140052046897,0.408965497050519,,,0,1,0.811858517633703,8.36615222953926e-05,-1.47703049614346,-0.255126223134475,-0.184596666248166,,0.442006917793164,0,0.351788339049486,,,,,,,0.125,0.625,0.102829495345419,2,0.145122222222222,1.07354284640852,0,4,0.65,0.7,0.451347319652584,2,3,0.662441288798244,0.279955282312113,,,,,,0.668518631254852,0,0,0,,0,,,,4.35639590670254,0.314572326037734,0.05562608451037,0.529396827028066,1,1,0.53062825106217,0.433477540107648,,1.52,0,1,0.610134508380471,8.98299977342622e-05,0.550408511207084,0.581075691902173,0.0327572246289906,,0.213577276420224,0,-0.769,-0.5,-1.06,0.185977895938678,0.106475768983921,1.9681885773553,7.69,60.6001,0,0.046,0.63,-0.94,0.566552929762279,-0.843045620739595,1.4830102070723,2.52729954808374,14.3196,0.1,1.02,1.75,0.63,0.425936875865688,0.797262591531776,3.02393677459614,10.2,112.0472,0,2.249,1.26,3.44,0.814739222082747,2.12334641544897
2014-09-11T16:14:12Z,-_Y!,Feed,Feed,Feed,0.0607475426797724,,,,,,,0.5,1,-0.027024055871702,2,0.0488662222222222,1.73286795139986,0.111111111111111,3,-0.75,0.7,0.744406821658334,2,3,0.623069441900346,0.152707697916111,,,,,,0.500045830129239,0,0,0,,0,,,,1.81516683382523,0.338327460001292,0.330712852308931,0.262450918812336,2,2,0.382992252256106,0.350051583500362,,1.42,0,1,0.0648130576081392,0.000108869424750555,-0.110035155225724,-0.112566445681629,-0.0716339587794777,,0.11619911851226,0,0.351881072393893,,,,,,,0.75,1,-0.290970852509314,3,0.288688888888889,0.735621939758795,0.111111111111111,5,0.1,-0.6,0.783464843281655,2,3,0.40389314585148,0.200777706425426,,,,,,0.796409891154991,0,0,0,,0,,,,1.22737768813264,0.181553426504867,0.158108340391443,0.171131084967706,1,1,0.382992252256106,0.497889992312001,,1.42,0,1,0.695815455913507,0.000114445616925643,1.47668966925103,-0.37914113467151,0.0908641992319896,,0.383977822007393,0,0.530633370684595,,,,,,,0.125,0.5,-0.218696974547783,3,-0.0574906666666667,1.73286795139986,0.111111111111111,3,0.1,0.1,0.653508636067887,2,2,0.122329336713138,0.17369503956051,,,,,,0.87457103970821,0,0,0,,0,,,,2.1617682265458,0.680079461371763,0.72521974780563,0.742963381551296,2,2,1.94591014905531,0.388973006775534,,1.5,0,1,0.731224966650659,0.000127888698615108,-1.55630035910732,0.0376007736864311,0.351566289093897,,0.401871878023904,0,-0.708,-0.31,-1.13,0.262161951642279,-0.380358868854486,2.10082964057214,7.08,53.1224,0,0.125,1.06,-0.94,0.616644143732834,-0.649312056859537,1.85773076956541,2.63508269773027,18.2953,0.2,0.958,1.75,0.13,0.577211688493341,-0.0167907550502542,3.2118613306747,9.58,106.6124,0,2.167,1.5,3.44,0.916787870774914,2.12334641544897
2014-09-11T16:11:21Z,-_Y!,SlowMove,SlowMove,SlowMove,-0.334653072033899,,,,,,,0.666666666666667,1,-0.277999205508475,1,0.0812131111111111,1.38629436111989,0.111111111111111,3,-0.65,0.6,0.304499790854373,1,5,0.568529424209692,0.425085882375024,,,,,,0.500045830129239,0,0,0,,0,,,,2.76627865373193,0.32428655485557,0.0992901247429476,0.074644705253424,1,1,0.362905493689369,0.387538528550531,,0.38,0,1,0.0590047304673989,7.3606797848524e-05,0.0808893806292124,0.000938775930332557,-0.310228868478338,,0.139035755892105,0,0.164152871449009,,,,,,,0.5,0.5,0.00729613733905579,2,-1.82404411111111,1.38629436111989,0.222222222222222,6,0.25,-0.3,0.0663943470140409,2,5,0.429634219205454,0.577395530701194,,,,,,0.500045830129239,0,0,0,,0,,,,10.5103440755196,0.326507992960194,0.397213141631884,0.604089166375193,1,1,0.470003629245736,1.42292050999969,,1.32,0,1,0.203666324954016,0.0181556706316998,0.506751601812362,0.461828021250467,0.0237770743756656,,0.16115032464511,0,0.0959284476524445,,,,,,,0.125,0.5,0.0563863608454202,2,0.279216222222222,1.55958115625988,0,4,0.1,-0.3,0.80602993502333,2,2,0.225645682970339,0.0674507563900142,,,,,,0.500045830129239,0,0,0,,0,,,,0.665596304766335,0.518177592588141,0.407178993663935,0.751369360903628,1,1,Inf,0.865844160984592,,1.36,0,1,0.17758892823399,0.00193436856997552,0.175304926755173,-0.442180995104425,0.0414662907154971,,0.129177315245849,0,-0.708,-0.31,-1.13,0.259092433098477,0.149448496481385,1.94628987624512,7.08,52.4272,0,-0.15,1.06,-2.06,1.04275276711852,-1.03587885515448,3.02424104142915,3.88222795304201,50.9878,0.1,0.915,1.94,0.13,0.638091773267068,0.452724839492352,3.41178848203694,9.15,102.0363,0,2.297,1,4.69,0.704698517097915,2.91261051292479
2014-09-11T16:11:42Z,-_Y!,notMoving,notMoving,notMoving,0.229576758150874,,,,,,,0.25,1,,3,-0.0161318,1.38629436111989,0,2,-1.15,0.166666666666667,0.453361224027229,2,2,0.244628478073168,0.361986559785984,,,,,,0.500077322175218,0,0,,,,,,,9.49816577266684,0.314612942030441,,,1,1,1.38629436111989,0.469755255425631,,1,0,1,0.317420361703629,0.000332007303472669,-0.474696994483248,-0.0536161356309835,-0.108127888652729,,0.217525722804702,0,0.034567426018593,,,,,,,1,1,,2,-0.003125,1.38629436111989,0.2,3,0.075,0.333333333333333,0.851251826053711,2,2,0.504510920453617,0.323298832049417,,,,,,0.500045830129239,0,0,,,,,,,1.80913217359764,0.498328356375597,,,1,1,1.38629436111989,0.459292934846597,,2,0,1,0.0939475662245863,0.000200176459965309,-0.133267989940785,-0.0223891555382127,0.0113381732146233,,0.134107338485851,0,0.364593583940169,,,,,,,0.25,0.5,,3,6.3814864,1.03972077083992,0.4,2,0.25,0.5,0.829847341145663,2,2,0.588825930776486,0.27455865512598,,,,,,0.586466764463019,0,0,,,,,,,5.24923296917851,0.480419877825774,,,1,1,Inf,1.55418145658736,,2,0,1,0.507896970889768,0.0439437671354698,2.38252090070281,0.137870063051101,0.0523378335931683,,0.270315835939258,0,-0.731666666666667,-0.31,-1.13,0.376479304433413,-0.0338935785903336,1.97879232451424,4.39,21.1997,0,0.311666666666667,0.69,0.06,0.308636787610723,0.342903338540632,1.17966737111873,1.87,4.8945,0,1.44,3.31,0.13,1.49520567147132,0.399920830570131,5.44495487874025,8.64,108.0592,0,2.48333333333333,1,4.5,0.704698517097915,3.49808519050065
2014-09-13T13:52:58Z,B!_-,CCONE,CCONE,CCONE,0.670050418833618,,,,,,,0.714285714285714,1,0.00282266068521974,5,7.61111111111109e-05,1.49417513828931,0,1,-0.875,0,0.33267588644327,3,2,0.280661659907535,0.138058206001627,,,,,,0.860486728051568,0,0,0,,0,,,,0.628039360282808,0.699306799365881,0.234760890408567,0.157985608669372,2,3,0.34484048629173,0.141136261975597,,2.44,0,1,0.59215050617333,8.68570424900935e-07,0.302726501677969,-0.0235875223819976,0.206071893461441,,0.298645775588569,0,0.690010857763301,,,,,,,1,1,-0.0179153094462541,5,0.00184211111111111,1.25548232517875,0,1,0.025,-0.1,0.304448906370094,3,3,0.180196232016176,0.135281110393405,,,,,,0.894368195817165,0,0,0,,0,,,,1.86030712339162,0.91902295545988,0.258627019912643,0.515311563581733,3,2,0.211309093667207,0.146695073006712,,2.59,0,1,0.729954657980456,1.0247120714211e-06,0.387671360976294,-0.157540278639906,0.321492481899529,,0.310833897158322,0.3,0.466730867497347,,,,,,,0,0.571428571428571,-0.184863016390865,3,0.00301622222222222,1.73286795139986,0,3,-1.125,-0.1,0.727888791582709,3,3,0.189814561861061,0.174091719876469,,,,,,0.846953418248454,0,0,0,,0,,,,2.35729186707389,0.333454120109714,0.472520145815261,0.804155015462298,1,1,0.133531392624523,0.137062435083837,,1.65,0,1,0.730055668979798,7.421285009796e-07,0.426305280442694,0.0597623513342636,-0.0409468533661547,,0.421758295138104,0,-0.639,-0.44,-0.88,0.167295480446358,-0.241267153988403,1.61729082113197,6.39,42.0831,0,0.22,0.5,0,0.202319878739914,0.256036644813275,0.788343657693597,2.2,6.5852,0,-0.947,-0.69,-1.13,0.168130240521382,0.309784717606392,2.29593039695883,9.47,90.9505,0,1.806,1.5,2.01,0.923146792227542,1.43223601407031
2014-09-13T14:02:23Z,B!_-,Feed,Feed,Feed,-0.211071596673814,,,,,,,0.888888888888889,1,-0.00277705140944512,2,0.007816,1.49417513828931,0,3,-0.575,0.7,0.628293519993675,1,2,0.118223340725853,0.0732185426136254,,,,,,0.500045830129239,0,0,0,,0,,,,4.70269052202413,0.299861954390508,0.535935420010267,1.16474593887353,1,1,0.287682072451781,0.231354706025186,,0.54,0,1,0.128733723063465,2.2336601097861e-05,0.123631625170337,0.0502795954464758,-0.295389389592445,,0.240206920017863,0,0.639950678175092,,,,,,,1,1,-0.082203041512536,6,-0.00322822222222222,1.07354284640852,0.111111111111111,1,-0.225,0.8,0.014784777037831,4,2,0.158710911115641,0.164602952559103,,,,,,0.914539935111207,0,0,0,,0,,,,7.95117550614445,0.565974198301471,0.0123595391769158,0.521536819085634,1,1,0.300104592450338,0.138122329034004,,3,0,1,0.884366127647366,7.72115147592515e-07,-0.542033440482003,-0.212495226904142,-0.0456789952875066,,0.37500509061291,0,0.0108979947689626,,,,,,,0.125,1,0.020924149956408,2,0.00287877777777778,1.73286795139986,0,3,-0.575,0.3,0.607196711913459,2,3,0.40250715388944,0.252270832435083,,,,,,0.500045830129239,0,0,0,,0,,,,2.23807515897643,0.15687552340932,0.471965450129217,1.05271234323055,1,1,0.538996500732687,0.230603074085706,,1.36,0,1,0.250379901125376,6.61706123847366e-06,0.1584920698689,0.112870459998564,-0.18397286250551,,0.258695652173913,0,-0.557,-0.38,-0.88,0.145758552255281,-0.794070782217247,1.48036270600562,5.57,31.9629,0,0.15,0.44,-0.25,0.232522400354604,-0.747869555374006,0.82081652474387,1.5,4.6108,0,-0.72,-0.56,-0.94,0.159652400197707,-0.159681039380358,1.86719494741727,7.2,52.9852,0,1.527,1.19,2.01,0.72145685941711,1.28903064354576
2014-09-13T11:03:52Z,B!_-,SlowMove,SlowMove,SlowMove,0.25,,,,,,,1,1,-0.125,9,-4.8e-05,1.49417513828931,0,3,-0.495,0.3,0.440377658741908,2,3,0.30625,0.132697216210051,,,,,,0.500054291972754,0,0,0,,0,,,,0.535170807313752,0.27146385293098,0.255826110135968,0.173560900645592,1,1,0,0.06557438524302,,1.72,0,1,0.346114895353786,6.20221187939494e-08,-0.0551108645444103,0.0571121434091696,0.0307370060472895,,0.171428571428571,0,0.485240092704323,,,,,,,1,1,0.0897374015974257,3,-0.000738111111111111,1.66746193342929,0.222222222222222,2,-0.175,0.2,0.0429009015784321,3,3,0.0935436146474969,0.0999751422681785,,,,,,0.766079267405591,0,0,0,,0,,,,0.129376524844535,0.692694860843025,0.292736601916385,0.642887514188866,3,2,0.492476485097794,0.230494637199606,,2.36,0,1,0.637630794150362,4.2001080700556e-06,0.00663204845069599,-0.415110054676985,0.176242656547569,,0.126620959305583,0,0.321155320453849,,,,,,,0,0.5,0.00674448022079117,2,-0.140502888888889,1.73286795139986,0.222222222222222,3,-0.55,-0.3,0.600936013569349,2,3,0.259079922031674,0.272499799840348,,,,,,0.524264117192949,0,0,0,,0,,,,1.02765685939937,0.754807929974476,0.379036810748832,0.48256809330524,1,1,1.6094379124341,0.574995169061832,,1.4,0,1,0.291249758357219,0.000492045793381096,0.213344679230591,0.424822468924182,0.131144621118975,,0.154201435974171,0,-0.44,-0.38,-0.5,0.0565685424949238,0,1.03031059773448,4.4,19.504,0,-0.089,0.25,-0.38,0.240852652051,0.570895404117784,0.647922771473528,1.41625206446448,3.2041,0.1,-0.974,-0.56,-1.81,0.481553043115017,-0.792233612380275,3.09429379312117,9.74,105.3028,0,1.653,1.13,2.44,0.702922470831599,1.87237816693103
2014-09-13T13:52:50Z,B!_-,notMoving,notMoving,notMoving,-0.0333333333333332,,,,,,,1,1,,5,-0.0003456,0.562335144618808,0,1,-0.495,0.166666666666667,1,1,5,0.0611111111111111,0.0834203094949242,,,,,,0.500045830129239,0,0,,,,,,,,0.0799450732042196,,,1,1,0,0.053665631459995,,0.31,0,1,0.49464,1.1135265792e-07,-0.0639686351715768,0.00707025964364609,-0.20439554640916,,0.316091954022988,0,-0.135104866625942,,,,,,,1,1,,1,-0.0008892,1.38629436111989,0,2,-0.19,0.166666666666667,0.484192038983353,1,2,0.0862751909045374,0.0682123278792571,,,,,,0.500045830129239,0,0,,,,,,,1.61983835692399,0.188285116571805,,,1,1,0,0.118953772533703,,0.7,0,1,0.199886316432499,1.81544526798602e-06,0.0865225990297169,0.00913241870637625,-0.54300432465016,,0.2299195605258,0,0.0929418488355481,,,,,,,0,0.5,,5,-0.0110176,0.562335144618808,0,1,-0.975,0.333333333333333,1,2,4,0.0556091571132167,0.075,,,,,,0.500045830129239,0,0,,,,,,,733.33753466772,0.0996426333329358,,,2,2,0,0.165287628091155,,2,0,1,0.585188641234462,1.05782267328785e-05,-0.261874588305165,0.0241567204491241,-0.0888782032172265,,0.328986644007233,0,-0.48,-0.38,-0.5,0.0489897948556636,1.36082763487954,1.04,2.88,8.3232,0,-0.241666666666667,-0.19,-0.38,0.073869253865642,-0.923950636847135,0.598854692759026,1.45,2.1663,0,-0.916666666666667,-0.56,-1,0.176370821471883,1.30763231159284,2.12871439436564,5.5,30.6444,0,1.63833333333333,1.13,1.82,0.702922470831599,1.14564392373896
2014-02-17T14:30:35Z,B!_B!,Feed,Feed,Feed,0.281103804889966,,,,,,,0.75,1,-0.125752733046966,3,0.0346288888888889,1.07354284640852,0,3,0.675,0.5,0.586599534301761,2,4,0.853187673008506,0.411121694700609,,,,,,0.582636547167083,0,0,0,,0,,,,12.7311962354822,0.205315140417003,0.353803647409688,0.477051547209176,1,1,0.382992252256106,0.262683798087697,,1.35,0,1,0.399804262204886,3.23543789871878e-05,0.347694108394234,0.122149048113082,0.0806472080118754,,0.26399941403043,0,0.619107399623935,,,,,,,1,1,-0.0362349297644066,5,0.000361777777777773,1.25548232517875,0.333333333333333,1,-0.55,-0.1,0.573245221946199,4,2,0.783869587154877,0.598094481350486,,,,,,0.857688666614114,0,0,0,,0,,,,4.98021100104184,0.74681034458554,0.369387802786997,0.447512744106553,1,2,1.94591014905531,0.348512712983488,,3,0,1,0.649191693396748,8.64132437510791e-05,0.817509634156928,-0.15336241489697,0.0665959284259504,,0.337626250534101,0,0.140215444655315,,,,,,,0,0.125,0.03937077330197,2,0.128758222222222,1.55958115625988,0,3,-1.55,0.1,0.791905798590092,2,2,0.259800600544052,0.224672568554134,,,,,,0.500045830129239,0,0,0,,0,,,,4.70839663406735,0.692154000764309,0.529049131958016,0.536107602253146,1,1,1.17865499634165,0.553205306474107,,1.58,0,1,0.0411528614619771,0.000352917863418412,-0.00866238297315873,0.0265170005759948,0.1250741363963,,0.0945894452912188,0,0.673,0.98,0.3,0.233621250935973,-0.0329090241504084,1.90325268235331,6.73,47.5245,0,-0.342,0.38,-0.88,0.400910075813628,0.158918198150568,1.55938877901243,3.42,18.926,0,-1.226,-0.83,-2,0.407763548041155,-0.571690165342295,3.31749110656669,12.26,157.7016,0,2.317,1.51,3.18,1.11198021565134,2.23615741843011
2014-02-17T15:45:32Z,B!_B!,Nest,Nest,Nest,0.479802252356325,,,,,,,0.714285714285714,1,-0.131101711482752,7,-0.0821361111111111,1.07354284640852,0.111111111111111,1,0.5,0.1,0.306824748554174,3,5,0.0721754873424914,0.0728478209299998,,,,,,0.845153009543906,0,0,0,,0,,,,0.913253452444002,0.246145635745067,0.673991523288596,1.01403589212581,1,1,0.606135803570316,0.379696516239542,,1.38,0,1,0.728829906922781,9.25314141528839e-05,-1.10241562177876,0.05866566213528,-0.263501991956594,,0.422095737858033,0,-0.160262725779967,,,,,,,1,1,0.019047619047619,2,-0.000517888888888889,1.66746193342929,0.222222222222222,2,-0.09,0.8,0.307722123663625,1,4,0.0655597949776837,0.0543356598240382,,,,,,0.500045830129239,0,0,0,,0,,,,6.13406066968432,0.215844185216442,0.339896550054265,0.971070729182654,1,1,0,0.081257478288326,,0.3,0,1,0.120646050750116,4.61755635697341e-07,-0.0117072554642498,-0.0283433239341096,-0.237328173960533,,0.135299097065463,0,-0.0797311254607898,,,,,,,0.111111111111111,0.555555555555556,0.00414899780836181,2,0.0340408888888888,1.07354284640852,0.222222222222222,2,-1.05,0.1,1,1,7,0.0549431101480939,0.0662355730286753,,,,,,0.500045830129239,0,0,0,,0,,,,1.19229770108349,0.050631946548728,0.494219087770061,1.01613210153842,1,1,0.287682072451781,0.565835174272901,,0.64,0,1,0.160120396818316,0.00101006182121992,0.346501253519385,0.0924072584964218,-0.269133857291639,,0.217340967322508,0,0.347,0.95,-0.47,0.433078129979645,-0.251174384714553,1.68187342317489,3.47,20.0849,0,-0.082,0.05,-0.14,0.0520256347070045,1.35512960542546,0.296662413244717,0.82,0.7844,0,-0.859,0.17,-1.02,0.363759688683492,2.22565059698042,2.63524037221425,8.59,79.0581,0,1.434,0.69,1.98,0.502294734194974,1.33947751007622
2014-02-17T14:32:20Z,B!_B!,VertMove,VertMove,VertMove,0.139232472567727,,,,,,,1,1,-0.0586355067870696,2,0.158146666666667,1.73286795139986,0.111111111111111,3,-0.35,-0.1,0.778904692677863,2,2,0.648677982221113,0.419674864477844,,,,,,0.500045830129239,0,0,0,,0,,,,0.748638445945568,0.115164315137115,0.640341251896482,0.682592250172719,1,1,1.02961941718116,0.478774477181063,,1.62,0,1,0.284042642507613,0.000275391805820706,0.590621094725245,-0.0177771833671118,-0.0679633119025195,,0.313689378622209,0,0.396324591278975,,,,,,,0.142857142857143,0.857142857142857,0.125187171310421,4,-0.0141458888888889,1.73286795139986,0.111111111111111,2,-0.15,0.2,0.622655424715802,3,2,0.662441569601029,0.743084795865006,,,,,,0.727517609317065,0,0,0,,0,,,,2.67596211878546,0.421244413825252,0.169746000010021,0.734478634015153,1,1,1.01160091167848,0.492631821050073,,2.31,0,1,0.629315250913493,0.000137600497948288,-0.421244621839122,0.651486622219306,-0.0608447071073783,,0.198265972359949,0,0.0987758310871518,,,,,,,0.5,0.75,0.0243710691823899,3,0.337843,1.55958115625988,0.222222222222222,2,-0.9,0.3,1,2,2,0.148130122039302,0.135383513511134,,,,,,0.500045830129239,0,0,0,,0,,,,4.23548772421717,0.0647010835716174,0.333986844056064,0.632784068395463,1,1,1.79175946922806,0.883529852353615,,1.2,0,1,0.187635115247727,0.00545008675743547,0.678037657047316,-0.178073235218489,-0.0874811434478503,,0.219579592495027,0,0.143,0.78,-0.36,0.367394731710852,0.180218753839145,1.24403724154841,1.58815189467363,8.1077,0.2,-0.639,-0.13,-1.34,0.474797032659454,-0.302870128817386,2.31513329761445,6.39,50.8465,0,-0.61,0.22,-2,0.629073392644557,-0.750868532380022,2.81383199738437,6.1,53.9812,0,1.588,0.93,4.09,0.613595958265698,2.51485586068069
2014-02-17T14:32:16Z,B!_B!,notMoving,notMoving,notMoving,-0.125199362041467,,,,,,,1,1,,1,0.0148068,0.562335144618808,0,2,0.525,-0.166666666666667,1,1,3,0.081799089583687,0.290543982643645,,,,,,0.500045830129239,0,0,,,,,,,9.1337102177082,0.0911561411655634,,,1,1,0,0.195115350498109,,0.69,0,1,0.375713397129187,1.9192332446835e-05,0.164582979505346,-0.0247459087527613,-0.229675109860646,,0.275448192038894,0,-0.0289386758581071,,,,,,,1,1,,1,0.0148808,0.562335144618808,0,3,-0.175,0.166666666666667,1,1,2,0.0567892145767692,0.381113257870616,,,,,,0.500045830129239,0,0,,,,,,,6.83638678218704,0.112383047419865,,,1,1,0,0.187002673777676,,0.69,0,1,0.582234984920293,1.41768754131424e-05,0.263428385497301,-0.0217999672345756,-0.332361470382356,,0.362062165693017,0,-0.0144728225278325,,,,,,,0.2,1,,3,-0.0599114,0.562335144618808,0,2,-0.85,0,1,1,3,0.0744044829956085,0.375908050393747,,,,,,0.500045830129239,0,0,,,,,,,6.94725301229516,0.100214433024741,,,2,2,0,0.311881387710136,,0.61,0,1,0.398829076620825,0.000130352309446875,-0.297850969446131,0.0441891227727883,-0.0894510603624449,,0.262420537355749,0,0.48,0.58,0.16,0.158366663158633,-1.29889555215239,1.21297109420945,2.88,8.5824,0,-0.196666666666667,-0.09,-0.55,0.175916646928785,-1.26406131976832,0.680873612711238,1.18,1.7684,0,-0.775,-0.22,-0.94,0.276315037592962,1.26493998113945,1.99866934631635,4.65,22.5433,0,1.45166666666667,0.93,1.65,0.613595958265698,1.10077245605075
2014-09-18T16:14:08Z,B!_R!,DIGG,DIGG,DIGG,0.428779918272037,,,,,,,1,1,0.0656742556917688,4,0.001444,1.66746193342929,0,2,0.49,0.3,0.615533789953824,3,4,0.284835120590828,0.174572645786978,,,,,,0.711298105649833,0,0,0,,0,,,,15.8182900857166,0.499560992434231,0.18566677869505,0.669644102192776,1,1,0,0.104043260233424,,1.98,0,1,0.54932081811684,3.69351290040264e-07,0.0581208994846355,0.146871556469279,0.0623567221260149,,0.15,0,0.289529872356471,,,,,,,0.714285714285714,0.714285714285714,0.0427056421798086,4,0.297945555555555,1.66746193342929,0.222222222222222,2,-0.1,-0.1,0.772493906749553,3,3,0.102497703142167,0.104283657384531,,,,,,0.624834146654178,0,0,0,,0,,,,2.74214128236211,0.31159437840147,0.280965007350883,0.851605415297384,1,1,0.810930216216329,0.743288488931302,,2.4,0,1,0.518689602340181,0.00232208519354458,0.432970515092418,-0.801888722159923,-0.152971166755046,,0.186692476493557,0,0.484895142925122,,,,,,,0.285714285714286,1,-0.116416845110635,6,-0.00247422222222222,1.73286795139986,0,3,-0.525,0.3,0.715509242671263,3,2,0.375318302659462,0.368949176683981,,,,,,0.80101969219642,0,0,0,,0,,,,1.83536045100303,0.362995382768974,0.75080601716605,0.50454960698097,2,2,0.204794412646013,0.162463671152798,,1.68,0,1,0.511456869495456,2.17911077255559e-06,-0.395466813599554,-0.049052845347923,0.245857552900511,,0.335560858697129,0,0.425,0.5,0.25,0.097553404177746,-0.676983361885677,1.06194293903163,4.25,18.4595,0,0.383,1.88,-0.19,0.614148914261752,1.31863945227774,2.11728865953628,3.83,29.4995,0,-0.733,-0.5,-0.94,0.180803761022828,0.235601370835652,1.9223272103166,7.33,55.1819,0,1.603,1.06,2.82,0.639218272579876,2.01816748561659
2014-09-18T16:13:45Z,B!_R!,RunningMove,RunningMove,RunningMove,0.626220037662379,,,,,,,0.428571428571429,1,-0.00116817209792219,5,-0.00604477777777777,1.25548232517875,0.111111111111111,1,0.15,0.3,0.613832144052067,3,2,0.185176852821932,0.208991945914292,,,,,,0.864009203173521,0,0,0,,0,,,,0.284781101645098,0.868912129947732,0.380559520902199,0.747081982023026,1,3,0.8754687373539,0.313785135261553,,2.32,0,1,0.684083316044812,2.15095195773194e-05,-0.651599899571211,-0.318300993914993,0.185465243338338,,0.288809139416593,0.1,0.524738517507958,,,,,,,1,1,0.0866378656965287,3,0.004866,1.38629436111989,0.222222222222222,2,-0.075,0.3,0.58179555281801,2,3,0.107621849618294,0.13761777010093,,,,,,0.787579986325837,0,0,0,,0,,,,0.577003396726994,0.847051850467317,0.349043304557094,0.369432239075672,2,1,0.810930216216329,0.216275287538822,,1.49,0,1,0.669412514070569,8.22036476618437e-06,0.1434168088667,0.403833304279367,0.309991400899545,,0.136098574556504,0,0.438436518086937,,,,,,,0.375,1,0.0707924778551466,3,-0.329058111111111,1.66746193342929,0.222222222222222,2,-0.9,0.5,0.339374468242556,2,3,0.209709910091851,0.170918801357725,,,,,,0.700166579032738,0,0,0,,0,,,,2.0227387210611,0.509743712470647,0.1806853134824,0.523985773353094,1,1,1.25276296849537,0.602365706564081,,1.45,0,1,0.568911423744336,0.000326133603876284,-0.0595401204180341,-0.867254881971288,0.207905134795916,,0.127905901322379,0,0.496,1.06,0,0.373160674360106,0.252609582645854,1.59568396414827,4.96,30.306,0,-0.012,0.31,-0.38,0.242156973882645,-0.19447320280263,0.567111345164236,1.36319680196512,2.6532,0.1,-0.575,0.19,-1.31,0.593169453023333,0.212945755707077,2.49885675952868,5.75,48.2573,0,1.373,0.25,2.06,0.199248588451713,1.41802679805425
2014-09-18T16:18:11Z,B!_R!,notMoving,notMoving,notMoving,0.476805019851377,,,,,,,1,1,,4,0.009938375,0.796311640173813,0,2,0.575,-0.666666666666667,0.869174228237123,2,4,0.200516464111203,0.303574446561483,,,,,,0.829561400213139,0,0,0,,0,,,,0.2103346044387,0.364642092918042,0.113062178181732,0.525040452159185,1,1,0.0645385211375712,0.156564683118512,,1.36,0,1,0.785688712611891,2.11765273315134e-06,0.394695732811998,-0.192374949778574,-0.021781163181574,,0.322474915160353,0,0.557973091138887,,,,,,,1,1,,7,-0.00660625,0.796311640173813,0.125,1,-0.175,-0.666666666666667,0.719512197990735,4,4,0.167080522012681,0.209516851845558,,,,,,0.886326670985716,0,0,0,,0,,,,0.00518404137628814,0.619970772755738,0.16662309314985,0.582733020087274,1,2,0.0645385211375712,0.132314560261306,,2,0,1,0.871767898948482,1.08156042280056e-06,-0.503758943841199,0.123383216789909,-0.22324288705784,,0.393897070986778,0,0.609951949274285,,,,,,,0,0.6,,5,0.002682125,1.27703425946614,0,1,-0.875,0.111111111111111,0.739984704867777,4,4,0.346710945422632,0.357227238695835,,,,,,0.904932800530397,0,0,0,,0,,,,0.0208621631246436,0.69922472845742,0.316585380732029,0.723644766436925,1,1,0.0465200156348928,0.101268737243323,,2,0,1,0.898425287561302,1.82745609035327e-07,0.45674092601824,-0.0678578252528914,-0.314758503036293,,0.406864669673895,0,0.472222222222222,0.63,0.13,0.195370019308093,-1.07538337692339,1.54071611958555,4.25,19.3897519514622,0,-0.0355555555555556,0.31,-0.19,0.204945792290981,0.874414125535455,0.591155213625345,0.940186363130297,1.60169145177519,0.111111111111111,-1.03555555555556,-0.88,-1.31,0.176501495114851,-0.53205816373416,2.76122844069636,9.32,87.9727591351116,0,1.68111111111111,1.63,1.75,1.06023582282434,1.35244223536534
2014-09-16T14:42:07Z,Bk!_W!,CCONE,CCONE,CCONE,0.52906839784151,,,,,,,0.833333333333333,1,-0.0646734416230677,5,0.0543795555555556,1.25548232517875,0.222222222222222,1,-0.05,0.1,0.597469512614599,4,3,0.107519682918601,0.116705232708223,,,,,,0.836943928165166,0,0,0,,0,,,,2.61862714277616,0.528364181999704,0.312110055205125,0.644603660097433,1,2,0.559615787935423,0.32108323600656,,3,0,1,0.679628205047354,2.33131350109607e-05,0.719678623291187,-0.128693124246625,-0.0777147163448339,,0.374525929723079,0,-0.505350416050199,,,,,,,0.666666666666667,0.777777777777778,-0.00407760674074774,1,0.784790111111111,1.55958115625988,0.222222222222222,6,-0.5,-0.1,0.432957922827727,1,4,0.0693548068549798,0.0618777248875367,,,,,,0.500045830129239,0,0,0,,0,,,,1.3042500594254,0.294556607518676,1.02729445483346,1.4668068896363,1,1,0.336472236621213,1.19575057785662,,0.81,0,1,0.0820497476334852,0.0093009944392685,0.44383388189455,0.0521402371227116,-0.595901838892793,,0.218028852629427,0,0.211066453381349,,,,,,,0.25,0.375,-0.00609015323853391,3,-0.0803227777777777,1.55958115625988,0.222222222222222,3,0.7,0.4,0.696492890829085,2,2,0.184089403040215,0.147128187354797,,,,,,0.500045830129239,0,0,0,,0,,,,0.374035503443797,0.551335834875366,0.487757662683099,0.660260834378697,1,1,2.19722457733622,0.853479805137636,,1.2,0,1,0.0618842203845967,0.00553025218515549,0.13378581385152,0.0966173270906352,0.180100848467993,,0.0986301066063442,0,-0.443,-0.06,-0.94,0.348840937964569,-0.127103093713234,1.66735804447981,4.43,25.0085,0,-0.694,0.13,-2.38,0.650814873831261,-1.51190951246981,2.84786912750453,6.94,63.2476,0,0.821,1.63,-0.63,0.643953932099701,-0.725367154377529,3.13218854932066,8.21,84.8321,0,2.11,1.44,3.82,0.879204185613331,2.58901525681098
2014-09-08T15:07:41Z,Bk!_W!,DIGG,DIGG,DIGG,0.481714692280327,,,,,,,1,1,0.133191035218783,5,-0.001468,1.38629436111989,0,2,-0.49,0,0.00981956180511576,2,5,0.254334992214497,0.477452872787723,,,,,,0.790028242576001,0,0,0,,0,,,,5.37666760257817,0.608808494650474,0.0423288167277629,0.365639818090089,3,1,0,0.101612007164508,,0.82,0,1,0.754751867662754,1.85038922979167e-07,-0.0401961870647634,0.202974546844344,0.0330551898954507,,0.147478459007983,0,0.494183376702893,,,,,,,1,1,-0.169217817235573,3,0.00622222222222223,1.55958115625988,0.111111111111111,3,-0.075,-0.7,0.60130213578422,2,3,0.257101703107856,0.207124842337041,,,,,,0.858399417325853,0,0,0,,0,,,,0.982618881788616,0.456538530042369,0.229067283073966,0.593219557902529,1,1,0.0465200156348928,0.142838292407106,,1.62,0,1,0.740779947720837,9.96949441804447e-07,0.454816899728493,-0.133631831638644,0.147012275809203,,0.391959775045277,0,-0.07755488161153,,,,,,,0.888888888888889,1,-0.0860187529562339,2,-0.0781597777777778,1.73286795139986,0.555555555555556,5,0.85,0.3,0.610999325868185,1,2,0.643227227198378,0.300148077056368,,,,,,0.500045830129239,0,0,0,,0,,,,3.38922086686678,0.397558346285077,0.728198859821094,1.35258842481892,1,1,1.25276296849537,0.581358562143689,,0.46,0,1,0.28993238067604,0.000282047996891116,-0.632896884409782,-0.158261457500294,-0.327667310759027,,0.410183390636943,0,-0.406,-0.25,-0.5,0.111773580658997,0.370236960604619,1.05750730965229,4.06,17.044,0,-0.225,-0.06,-0.56,0.190511008722447,-0.867569255247445,0.909357382887572,2.25,6.6873,0,0.394,0.88,-0.13,0.39967208781422,-0.0891758842031522,1.56990643245318,3.94,22.3756,0,1.077,0.5,1.44,0.341467421579277,0.985697722428129
2014-09-16T14:42:48Z,Bk!_W!,RunningMove,RunningMove,RunningMove,-0.421296296296296,,,,,,,1,1,0.00231481481481482,1,-0.012768,1.07354284640852,0,2,-0.325,-0.3,0.559267302285706,1,6,0.132738377935345,0.239563871670603,,,,,,0.500045830129239,0,0,0,,0,,,,16.2877624188719,0.360616112109876,0.859468565846567,1.37411977189649,1,1,0.287682072451781,0.247588368062799,,0.36,0,1,0.0476476391393136,2.28010975187593e-05,0.021144481011199,0.0326524919937544,-0.461540706683151,,0.132352941176471,0,-0.137328770229375,,,,,,,0.777777777777778,1,0.0200233395511671,2,-0.424916333333333,1.73286795139986,0.666666666666667,6,-0.1,0.6,0.316431143859257,1,2,0.512211566986094,0.324990790316206,,,,,,0.500045830129239,0,0,0,,0,,,,2.76408638882981,0.296146539875676,0.376703428598151,0.387866045851816,1,1,1.50407739677627,0.937443331620637,,0.69,0,1,0.0281040300393252,0.00152624853960139,0.281244300089118,0.209971598591543,-0.251635410100748,,0.142387004326806,0.1,0.409448037041292,,,,,,,0.5,0.625,0.032665333112579,2,-0.180342888888889,1.07354284640852,0.222222222222222,4,0.75,0.7,0.509047234871317,2,2,0.228491786888777,0.210152162458096,,,,,,0.707391471859819,0,0,0,,0,,,,0.699920488809556,0.340944217170747,0.353706592130155,0.126179355770931,1,1,0.693147180559945,1.76047894367161,,1.21,0,1,0.419951138894341,0.0504623131256556,3.04780318167185,0.211530214407211,-0.100439050676854,,0.329417641648775,0,-0.33,-0.13,-0.69,0.13856406460551,-1.45059255133893,0.985629535902999,3.3,11.5972,0,0.039,0.94,-0.75,0.606235194550029,0.355328115558119,1.56898289762012,2.35422656525266,14.6705,0.2,1.237,4.19,-0.13,1.59482531262135,1.12035859669621,6.36071576978293,12.37,267.4417,0,2.082,0.5,5.44,0.341467421579277,4.30532228758777
2014-09-08T14:55:45Z,Bk!_W!,SlowMove,SlowMove,SlowMove,0.505913978494624,,,,,,,1,1,-0.0202037351443124,4,-0.00295011111111111,1.2130075659799,0,2,-0.425,0.1,0.628109917773213,3,3,0.17465490895105,0.180261832928552,,,,,,0.799459376899822,0,0,0,,0,,,,0.100106518759088,0.575319680112641,0.307120410088881,0.776494747505,1,1,0.133531392624523,0.125808496445104,,2,0,1,0.569706281833616,1.83819286309334e-06,-0.227921518656459,-0.0739830037811717,0.0357641231624729,,0.29984464797027,0,-0.115708384213671,,,,,,,0.888888888888889,1,-0.104172620748785,1,-0.423847333333333,1.2130075659799,0.333333333333333,3,-0.5,-0.4,1,1,3,0.0568449766176298,0.386622123215509,,,,,,0.500045830129239,0,0,0,,0,,,,4.73055432866396,0.164502978725616,0.131541594762952,0.226119180182414,1,1,0.379489621704904,0.567802782663136,,0.76,0,1,0.332569625607316,0.000628121667300698,-0.457186213106373,0.34554414707206,-0.126604635017876,,0.184942641282699,0.1,0.0187466935167329,,,,,,,0.375,0.875,-0.0680495588511358,3,-4.75386488888889,0.376770161256437,0.222222222222222,3,0.75,-0.4,1,2,6,0.0454581552575554,0.260312732852168,,,,,,0.500045830129239,0,0,0,,0,,,,4.77673492083023,0.0480873107602351,0.0550591434074373,0.0979204404124889,2,3,0.470003629245736,1.19613730166919,,1.57,0,1,0.45757768257715,0.020330499778118,-1.45805696038729,0.971437873481104,-0.0488395314247687,,0.258528737739481,0,-0.338,-0.19,-0.56,0.125326240934078,-0.316706864572906,0.952863223389991,3.38,12.124,0,-0.275,0.94,-0.63,0.462415157383252,1.72922666160658,1.64423841409044,2.75,15.1647,0,1,4.19,0.25,1.14112030722249,2.12071186188723,4.87749206950221,10,152.472,0,1.801,1,5.44,0.642028036770981,4.30532228758777
2014-09-08T15:07:46Z,Bk!_W!,notMoving,notMoving,notMoving,,,,,,,,1,1,,,0,0,0,0,,,,0,3,,,,,,,,0.800886375619167,0,0,,,,,,,,,,,0,0,0,0,,0,0,1,0,0,6.7986997775526e-17,-3.92523114670944e-17,,,,0,-0.166666666666667,,,,,,,1,1,,2,-0.0010985,0,0,1,,,1,1,2,,,,,,,,0.500045830129239,0,0,,,,,,,,,,,1,1,0,0.0919238815542512,,0,0,1,0.75,6.61134259259259e-07,-0.0919238815542511,-5.55111512312578e-17,-0.666666666666667,,0.333333333333333,0,,,,,,,,0,1,,,0,0,0,0,,,,0,3,,,,,,,,0.839884151487954,0,0,,,,,,,,,,,0,0,0,0,,0,0,1,0,0,-1.35973995551052e-16,7.85046229341888e-17,,,,0,-0.44,-0.44,-0.44,0,,1.32,1.32,1.7424,0,-0.396666666666667,-0.31,-0.44,0.0750555349946514,0.384900179459751,1.19,1.19,1.4161,0,0.75,0.75,0.75,0,,2.25,2.25,5.0625,0,1.58666666666667,1.5,1.63,0.923146792227542,0.974525525576421
2014-09-13T10:23:32Z,G!_Bk!,CCONE,CCONE,CCONE,0.23961697446247,,,,,,,0.375,0.375,-0.00157685581785207,4,-1.05793477777778,1.25548232517875,0,1,-1.5,0,0.30711926690867,2,2,0.318509173547167,0.262633937796155,,,,,,0.553308027893487,0,0,0,,0,,,,3.15468941116591,0.13663151622053,0.325719306801414,0.706957393524697,1,1,1.79175946922806,0.870968490308984,,1.42,0,1,0.328306338356687,0.00360039060398884,-0.548538681517732,0.236484495615815,-0.0132813978540031,,0.222773461642629,0,-0.281766465309953,,,,,,,0.222222222222222,0.777777777777778,-0.0040818720309659,1,0.0198967777777778,1.66746193342929,0,4,-1.15,-0.2,0.878919605446026,1,2,0.445241012826358,0.397541096120705,,,,,,0.500045830129239,0,0,0,,0,,,,4.05746576674992,0.13639890000227,0.775415154392884,1.1270142985353,1,1,0.559615787935423,0.462856469233294,,0.67,0,1,0.228053804650655,0.000122010384476278,0.267872583935566,-0.154460471826846,-0.621883393093766,,0.272629767573429,0,0.160829930523173,,,,,,,0.125,0.75,-0.00593530348085224,3,-0.930667000000003,1.73286795139986,0.222222222222222,3,-0.75,-0.4,0.145291966415298,2,5,0.10977772940572,0.0746749378974953,,,,,,0.500045830129239,0,0,0,,0,,,,1.69282737293611,0.151788757963352,0.431170108622348,0.58238972177441,1,1,0.336472236621213,2.11883812501097,,1.15,0,1,0.221224174416112,0.255962119324994,-1.46162596814537,0.733920350187977,-0.0389444480702816,,0.189879218593498,0,-0.957,-0.19,-2.38,0.667383780976966,-0.698473497053897,3.5816599396024,9.57,110.3955,0,-0.826,-0.31,-1.13,0.275285710167132,0.343676037699193,2.28006019909059,8.26,70.844,0,-0.783,1,-4.63,1.55208139820908,-1.21422273164719,5.48345978368095,7.83,163.3395,0,2.966,1.06,5.95,0.667682559304944,4.76968552422484
2014-09-13T10:28:07Z,G!_Bk!,Feed,Feed,Feed,0.397675699060054,,,,,,,0.75,1,-0.159562669603178,6,0.162801888888889,1.38629436111989,0.333333333333333,5,0.15,-0.7,0.677038265483889,2,3,0.364645591656994,0.340894959111304,,,,,,0.807604120038745,0,0,0,,0,,,,1.57268174889182,0.23804902985728,0.0861562802480004,0.40986163354977,1,1,0.100083458556983,0.412839086220177,,1.4,0,1,0.744519178187645,9.69880418871986e-05,1.02987213626933,-0.490566874464592,-0.14040920012603,,0.353117701998281,0,0.396001159084324,,,,,,,0.5,0.875,0.00562155896841496,3,-0.0340968888888889,1.38629436111989,0,4,-0.625,0.9,0.932001647641525,2,6,0.300541529669202,0.0433606191015431,,,,,,0.739345655220395,0,0,0,,0,,,,2.10121339778691,0.299919081653515,0.0699170654787176,0.438999334939906,1,1,0.287682072451781,0.250088873092036,,1.46,0,1,0.671433903216459,1.32092185935189e-05,-0.394761567623708,-0.333532788811117,-0.148555757497079,,0.253620426829268,0,-0.289535793911715,,,,,,,0.222222222222222,0.555555555555556,0.0325246570683596,1,-0.519511111111111,1.55958115625988,0.222222222222222,4,-1.1,0.4,0.342927270398636,1,3,0.194112613983614,0.355266395208986,,,,,,0.500045830129239,0,0,0,,0,,,,14.5111470329893,0.191786202310561,0.187616069883509,0.155857653655423,1,1,0.944461608840851,0.665759799861115,,0.4,0,1,0.191065975763952,0.000950927189370222,-0.368497683836826,-0.260583060278588,-0.314897218585087,,0.220636867689769,0,-0.118,0.25,-1,0.475413270510803,-1.15043810724189,1.4758438706134,2.07301186377361,11.4664,0.1,-0.802,-0.63,-1.31,0.247691564473058,-1.09465180666191,2.22732733463419,8.02,67.074,0,-0.943,-0.31,-2,0.453677565384639,-0.876487017061505,3.00702974466908,9.43,96.9545,0,2.053,1.31,3.44,0.890673902166219,2.34064093786296
2014-09-13T10:32:41Z,G!_Bk!,SlowMove,SlowMove,SlowMove,0.12987012987013,,,,,,,1,1,0.106926406926407,3,-0.000518,1.38629436111989,0.222222222222222,4,-0.175,-0.2,0.461383493845544,2,2,0.545970475035959,0.31172332232424,,,,,,0.500045830129239,0,0,0,,0,,,,3.84943237770058,0.175368996885453,0.396132764864181,0.600308220865848,1,1,0.287682072451781,0.208746257451481,,1.2,0,1,0.206693603608891,5.63342279437007e-06,-0.23669757612323,-0.002971878653071,-0.123096524468201,,0.245790946083418,0.2,0.592621544327931,,,,,,,0.714285714285714,0.857142857142857,-0.0518017159199237,4,0.0275476666666667,1.2130075659799,0.222222222222222,2,-0.35,-0.6,0.699939382226342,3,4,0.146373502817669,0.134440851058161,,,,,,0.903273272813315,0,0,0,,0,,,,5.6571725119688,0.484677301343778,0.469189875971035,0.836583907254832,1,1,0.182321556793955,0.243721152139079,,2.31,0,1,0.899130593708294,6.90552109653593e-06,0.877616750914001,-0.48193399051335,-0.186935889446014,,0.339492812620088,0,-0.387437552039967,,,,,,,0.111111111111111,0.444444444444444,0.0276332223147377,1,-0.339388888888889,1.90615474653985,0,4,-1.1,-0.6,0.752897183884088,1,4,0.115036430784914,0.283956429144761,,,,,,0.500045830129239,0,0,0,,0,,,,15.9301375330289,0.589592055179887,0.468451286571253,0.278601587948141,1,1,0.470003629245736,0.786465369725697,,0.64,0,1,0.00936908970259409,0.00214954583722255,-0.00348120807500561,-0.0720013782299267,-0.414007461975613,,0.105579206811562,0,0,0.25,-0.19,0.160208197875972,0.316049783376037,0.374958986476979,0.776637728907904,1.0828,0.2,-0.595,-0.19,-1.31,0.381699416353293,-0.799156873282803,2.08587540182105,5.95,41.9407,0,-0.9,-0.31,-2,0.462072625364359,-0.99488899534458,2.81797660632681,9,88.3608,0,1.621,0.76,3.44,0.465403051128804,2.34064093786296
2014-09-13T10:29:06Z,G!_Bk!,notMoving,notMoving,notMoving,-0.250224415304064,,,,,,,0.6,0.6,,2,3.1121218,1.38629436111989,0.2,3,-0.25,0.166666666666667,0.390506897152324,1,2,0.138579147398904,0.12696721819689,,,,,,0.500045830129239,0,0,,,,,,,74.0385619672523,0.405322395847494,,,1,1,0.916290731874155,2.85757239628325,,1,0,1,0.0428954336526911,0.98247880665944,0.557287291388255,0.103107953136506,-0.301367709126117,,0.13119929071348,0.333333333333333,-0.344147999640154,,,,,,,0.6,1,,1,0.0169126,1.03972077083992,0,3,-0.65,-0.166666666666667,0.715776002268337,1,2,0.110517852735234,0.106227524101061,,,,,,0.500045830129239,0,0,,,,,,,12.6341059928571,0.437150765694707,,,1,1,0.693147180559945,0.518044399641575,,1,0,1,0.074742691907314,0.000886028169813216,-0.110606455507805,0.0182648374127524,-0.368763788801887,,0.148524632995313,0,-0.313088048622577,,,,,,,0.4,0.6,,1,-3.07397320000002,1.38629436111989,0.4,3,-0.5,0,0.153842601735658,1,2,0.135965090423881,0.108736448206031,,,,,,0.500045830129239,0,0,,,,,,,10.9831845897951,0.462022963454831,,,1,1,Inf,6.22651989477268,,1,0,1,0.0357014299499738,21.1131501160567,-0.409568987560617,-0.244807740161248,-0.34022839817915,,0.128355514304106,0.166666666666667,-0.738333333333333,0.13,-4.06,1.6347405502607,-1.33322668021328,4.18966134715392,4.43,52.9025,0,-0.638333333333333,-0.38,-1.19,0.294035145291624,-0.920097532896986,1.75574514340545,3.83,15.8033,0,0.885,7.94,-1,3.48649824322342,1.30888143833051,7.41000778715528,9.3065944362049,172.7731,0.333333333333333,3.20166666666667,0.69,13.19,0.63285069329187,8.99684944855698
2014-02-21T14:09:51Z,G!_G!,Feed,Feed,Feed,0.665746265205125,,,,,,,1,1,-0.114846676841959,7,0.010672,1.2130075659799,0.111111111111111,1,-0.45,0.9,0.675121316940804,4,5,0.0663693421447513,0.0740258117741747,,,,,,0.927155987647431,0,0,0,,0,,,,3.70661054968889,0.632901965006833,0.279347509155051,0.574351501762947,1,1,0.510825623765991,0.158429795177549,,3,0,1,0.925298326270077,1.49100664206323e-06,0.788671932971537,0.241767006440833,-0.213342045887133,,0.401702037294913,0,0.740802875973637,,,,,,,0.833333333333333,1,-0.14673457159976,5,-0.006107,1.25548232517875,0,1,-0.25,0,0.38029310827591,4,5,0.202281880221763,0.119890009588003,,,,,,0.94044249694719,0,0,0,,0,,,,1.31795794567577,0.835129532701797,0.206843705627103,0.328749817268021,2,2,0.31015492830384,0.129325171563776,,3,0,1,0.919807801934435,1.91711230606744e-06,-0.858190245278347,-0.142569600227716,0.257796532116067,,0.411222534941797,0,0.616842700867597,,,,,,,0.666666666666667,1,-0.134854771784232,4,-0.0213276666666667,1.2130075659799,0.111111111111111,3,0.85,0.8,0.316527252947009,4,3,0.263553502824616,0.237003333306366,,,,,,0.910889840812024,0,0,0,,0,,,,13.0504624234598,0.502879761781604,0.305447699196493,0.738319948202424,1,1,0.470003629245736,0.214941852602047,,2,0,1,0.876357538626908,1.13954103713359e-05,-0.858630316195651,-0.24100902277471,-0.215772819538173,,0.396171937859751,0,-0.204,0.33,-0.47,0.309989247125337,0.814581489672142,1.13854803695058,2.04,8.484,0,-0.516,-0.2,-0.95,0.322255936933501,-0.236994284506649,1.71834299835197,5.16,31.234,0,0.57,0.91,0.02,0.343252417649493,-0.600285401413777,1.96461313285931,5.7,37.7888,0,1.422,1.27,1.8,0.874585616163449,1.11830228471554
2014-02-21T15:44:33Z,G!_G!,Nest,Nest,Nest,0.431623931623932,,,,,,,1,1,0.0384615384615385,6,-0.00135111111111111,1.38629436111989,0.222222222222222,2,0.075,-0.6,0.691727912720506,2,5,0.185768284957452,0.267254481827415,,,,,,0.789209873075932,0,0,0,,0,,,,2.95573743780708,0.3639838676318,0.0265453386260718,0.604138038994068,1,1,0,0.0940449065311059,,0.67,0,1,0.735042735042735,1.52353308444445e-07,-0.157834165368515,0.147617852250432,-0.101212903225807,,0.2546904315197,0,0.483334897250634,,,,,,,1,1,0.10765693910106,5,0.166348,1.66746193342929,0.222222222222222,2,0.25,0,0.606579977518945,2,5,0.0869974558490521,0.0858992083137827,,,,,,0.780777970510158,0,0,0,,0,,,,2.10588723331543,0.613690594019238,0.191056852094961,0.483319058211492,4,1,0.538996500732687,0.504405590769968,,1.43,0,1,0.711036663953796,8.90627385002339e-05,0.233203117153338,-0.923443543482903,0.116388025063513,,0.140894106817619,0,0.27371925960883,,,,,,,0.625,1,0.0407563125354536,5,-0.130399888888889,1.66746193342929,0.111111111111111,2,0.85,-0.1,0.22259556644286,2,5,0.127920004599049,0.13122333489499,,,,,,0.544015026043577,0,0,0,,0,,,,0.175990749750262,0.359578352682649,0.292269161974707,0.772724868662603,1,1,0.619039208406224,0.592321234166431,,1.14,0,1,0.475236631003852,0.000651950595325824,-0.0624034126204809,-0.66786136116786,-0.100524799755822,,0.133857622366987,0,0.15,0.33,0.05,0.101980390271856,0.905151392945465,0.549096767992399,1.5,2.7172,0,-0.205,0.3,-0.95,0.544084348036017,-0.217247693571969,1.53574561493812,3.27310173006234,17.2857,0.1,0.463,0.89,-0.39,0.482793951909093,-0.377640437452959,1.99772272553544,4.63,31.1195,0,1.184,0.85,1.3,0.568066897468951,1.00588269693837
2014-02-21T15:45:37Z,G!_G!,VertMove,VertMove,VertMove,0.217604617604618,,,,,,,1,1,-0.141125541125541,2,-0.00539988888888889,1.38629436111989,0.333333333333333,3,-0.325,-0.4,0.715275431162696,4,2,0.265887778008558,0.416163018908315,,,,,,0.702394607975976,0,0,0,,0,,,,1.15209407966591,0.278416574762154,0.824001510121319,1.30339318370454,1,2,0.492476485097794,0.264170609854903,,4,0,1,0.643640322685066,1.3945318854316e-05,-0.52266013503009,0.0962383348320718,-0.603392235751666,,0.439893684771966,0,0.247144553600346,,,,,,,0.857142857142857,1,-0.0592464644283709,4,0.0495562222222222,1.07354284640852,0.333333333333333,3,-0.35,0.2,0.479610017802493,3,3,0.0951700656669603,0.0906032746927744,,,,,,0.617356887235415,0,0,0,,0,,,,11.057691797598,0.0925502045756416,0.584799729788738,0.687857272770206,1,2,0.451985123743057,0.426754548241076,,2,0,1,0.386545121584153,0.0002940739236702,0.631037238682458,-0.138794477525101,-0.1071279293406,,0.317596595189877,0,0.267542194558484,,,,,,,0.142857142857143,0.428571428571429,-0.00838409923630424,4,1.37912511111111,1.07354284640852,0.222222222222222,3,0.75,0.2,0.304947441801957,3,2,0.175935271521334,0.129015510746295,,,,,,0.599412614439385,0,0,0,,0,,,,10.2423063103346,0.250519753540762,0.428279335022579,0.899550759051944,1,2,0.980829253011726,1.39892319700229,,2,0,1,0.34052826235583,0.0325483494481197,1.5307978311846,-0.685842215385233,-0.0780591691528731,,0.228631029082109,0,-0.156,0.17,-0.36,0.228823075759417,0.660590232293618,0.87800979408133,1.56,4.7448,0,-0.422,-0.03,-1.28,0.35143515286133,-1.25165249021386,1.67141453488844,4.22,22.8044,0,0.696,1.98,-1.95,1.09916331816523,-1.08381940832592,3.98330500935084,6.96,98.8888,0,1.766,1.03,3.53,0.67074585350936,2.35178655494073
2014-02-21T15:45:00Z,G!_G!,notMoving,notMoving,notMoving,0.302666666666667,,,,,,,1,1,,4,-5.02e-05,1.03972077083992,0,1,-0.405,0.666666666666667,0.594540989436384,2,2,0.0962815263403899,0.397478144049563,,,,,,0.70386396429945,0,0,,,,,,,0.782095265918746,0.266381245052706,,,1,1,0,0.0248997991959775,,2,0,1,0.8587158,2.14354892490736e-09,-0.0814070205817657,0.00324053567000438,-0.264849383960366,,0.399351757079494,0,-0.0646958011996573,,,,,,,1,1,,1,0.0093312,0.562335144618808,0.6,3,-0.025,0.166666666666667,1,1,5,0.0612951925808333,0.372540458766167,,,,,,0.500045830129239,0,0,,,,,,,0.0081267781799048,0.0862377716783618,,,1,1,0,0.161616830806695,,0.64,0,1,0.503440102827764,8.74380374954963e-06,0.19190590551473,-0.0200324023236641,-0.270538567494539,,0.329897694304474,0,-0.0168195718654435,,,,,,,0,1,,2,0.0011252,1.38629436111989,0,3,0.73,0.166666666666667,0.453363063978532,1,2,0.351813386797034,0.195806297310152,,,,,,0.500045830129239,0,0,,,,,,,7.90264953481763,0.255830541921379,,,1,1,0,0.148559752288431,,0.54,0,1,0.233539607719076,1.94086463909824e-06,0.0989529765667939,0.00382972397364195,-0.104341533702058,,0.20685186178295,0,-0.373333333333333,-0.3,-0.41,0.0408248290463863,0.728859281241482,0.818355694188976,2.24,5.0408,0,-0.0966666666666667,-0.03,-0.39,0.144037032275268,-1.34678859386322,0.426953138795403,0.58,0.5828,0,0.838333333333333,0.94,0.73,0.102648266749452,-0.0418458679326479,1.85840589299199,5.03,25.4505,0,1.30833333333333,1.16,1.47,0.824499848392951,1.02596296229445
2014-09-08T10:43:49Z,G_-,CLIP,CLIP,CLIP,-0.193248532289628,,,,,,,0.888888888888889,1,0.00330234833659491,2,-0.018976,1.66746193342929,0.222222222222222,4,-0.35,-0.2,0.287778798307034,1,4,0.256965863942637,0.217017848573489,,,,,,0.500045830129239,0,0,0,,0,,,,32.8643745699271,0.319373085892904,0.794609134514535,0.883717523782259,1,1,0.470003629245736,0.492671290009881,,0.65,0,1,0.0335645083939962,0.000229629523880394,0.133329464183693,-0.0578036048395669,-0.230538933726115,,0.176427703523694,0,0.57453123881772,,,,,,,0.666666666666667,1,-0.0216882559221355,5,-0.0677292222222222,1.2130075659799,0.111111111111111,1,-0.9,0.2,0.759506990543551,4,2,0.281793150461658,0.187918596326853,,,,,,0.878288741375203,0,0,0,,0,,,,1.71859989296644,0.69166144477876,0.242580658650568,0.42958845756543,1,2,Inf,0.550608249524509,,4,0,1,0.762020109316327,0.000367314226757174,-1.67989384362644,0.413266074845388,-0.114612696842167,,0.383026034341525,0,-0.114547466574751,,,,,,,0.555555555555556,0.777777777777778,0.00888376902563359,1,-0.284405888888889,1.66746193342929,0.444444444444444,4,-0.1,0.1,0.318650406829612,1,3,0.227265949083898,0.156054442916811,,,,,,0.500045830129239,0,0,0,,0,,,,0.312681543543313,0.299866001813406,0.679429017411806,0.914702560934235,1,1,1.79175946922806,1.10375243802424,,0.88,0,1,0.234556702143138,0.00446937393499926,0.848462444346593,-0.0473421594484988,-0.493990830038454,,0.296369659188764,0,-0.35,0.19,-0.94,0.301404121478862,-0.167920034929592,1.48194440535442,3.5,16.3308,0,-0.162,0.94,-1,0.704853018563287,0.247632516777184,1.89461182866384,4.13724107112317,24.974,0.1,-0.394,0.38,-1.88,0.699987301472121,-0.7599752596973,2.39528025257311,3.94,33.5966,0,1.574,0.69,3.26,0.40137264480779,2.11985848584286
2014-09-13T08:11:05Z,G_-,Feed,Feed,Feed,0.0325657894736842,,,,,,,1,1,-0.183881578947368,2,0.000263888888888889,1.73286795139986,0,3,-0.49,0.1,1,2,3,0.509990409974193,0.247768878014911,,,,,,0.500045830129239,0,0,0,,0,,,,1.54136983039827,0.0345974610838996,0.406002556848357,0.716704361148718,1,1,0,0.0947951006703992,,1.18,0,1,0.356351303753014,4.55054166451793e-07,-0.132841973316752,0.030393461381167,-0.156866392670171,,0.346082364741282,0,0.40160980219637,,,,,,,0.5,1,0.0514566428780917,4,-0.152417111111111,1.38629436111989,0.222222222222222,2,-1.05,0.3,0.815433265945465,2,3,0.331426588519538,0.381478522633864,,,,,,0.672274843459892,0,0,0,,0,,,,1.95218810838804,0.352489552709774,0.0587178265424906,0.198467685956943,2,1,1.50407739677627,0.555685262636244,,1.43,0,1,0.520547141274838,0.000235297724779452,-0.230486803097448,-0.718596916024933,0.0456952311878614,,0.150604205596181,0,0.465077962128563,,,,,,,0.25,0.75,-0.0494432648983082,5,-0.329647888888889,1.66746193342929,0.333333333333333,3,-1.1,0.1,0.0243092712631201,2,4,0.281956386387182,0.0661115460560906,,,,,,0.689427032817628,0,0,0,,0,,,,0.447719912825632,0.510101261304347,0.409306361388393,0.395691100463864,2,2,0.847297860387204,0.775442525988297,,1.54,0,1,0.371878887512853,0.00166699710402403,0.66975601126439,0.741053679047359,0.132414636265899,,0.167877056248815,0.1,-0.414,-0.31,-0.5,0.0735149266778145,0.106798933825816,1.00562834536871,4.14,17.349,0,-0.362,0.19,-1.06,0.522277065678107,-0.292443238573747,1.9817549938427,3.62,25.3792,0,-0.325,0.81,-1.06,0.760442122861577,0.452093838020789,2.39560206005566,4.17237953141334,35.2563,0.1,1.615,0.5,2.31,0.363593179253957,1.40474196918865
2014-09-13T08:24:32Z,G_-,SlowMove,SlowMove,SlowMove,0.413859389049552,,,,,,,1,1,-0.0116867967629833,3,0.0274287777777778,1.07354284640852,0.111111111111111,2,-0.575,0.6,0.66930639718091,3,3,0.849093732596208,0.436444234191559,,,,,,0.742788449320135,0,0,0,,0,,,,20.9990559759631,0.257744464527229,0.17666772657134,0.620231600585102,1,1,0.318453731118535,0.229824812508233,,1.84,0,1,0.588585916390792,1.39211734503234e-05,0.334243948645144,0.224459211154488,-0.143424674214883,,0.27512173695158,0,0.296158180381592,,,,,,,0.857142857142857,1,-0.10713702835382,3,0.204651777777778,1.07354284640852,0.111111111111111,3,-0.5,-0.1,0.653749617061646,3,6,0.133503414467871,0.0485691210650771,,,,,,0.717147273685231,0,0,0,,0,,,,0.511252581177204,0.121270388390805,0.623644134692437,0.7670542544762,1,1,0.405465108108164,0.559928070777349,,1,0,1,0.54964539690977,0.000731046518695625,1.08800766310627,0.086387901705802,-0.228894678027928,,0.385941336101024,0.2,-0.0620940122690151,,,,,,,0.222222222222222,0.777777777777778,-0.155210567912386,2,-0.562684111111111,1.2130075659799,0.333333333333333,3,-1.1,-0.1,0.980424193429924,1,3,0.270746228705932,0.0704080979661682,,,,,,0.500045830129239,0,0,0,,0,,,,2.60772586468636,0.122070456955046,0.122689570375261,0.460216623498694,1,1,0.693147180559945,0.898954639814738,,0.79,0,1,0.34170256879397,0.00424560948555519,-0.767069962413866,0.536520391115809,-0.151419667967796,,0.208655752357145,0,-0.419,-0.06,-0.69,0.213824954369482,0.542438768883437,1.34619915530079,4.19,19.5123,0,-0.349,0.81,-1.06,0.507290186513926,0.948306457287337,1.83461150019863,3.49,22.0121,0,-0.588,0.81,-1.06,0.687294211625075,1.1822713519219,2.96268724954398,5.88,55.759,0,1.792,1.19,2.31,0.986559678884151,1.40474196918865
2014-09-13T08:12:26Z,G_-,notMoving,notMoving,notMoving,-0.0499999999999999,,,,,,,1,1,,4,-5.4e-05,0.636514168294813,0,1,,,1,1,4,,,,,,,,0.500045830129239,0,0,,,,,,,,,,,1,1,0,0.03,,0.5,0,1,0.5,8.06399999999999e-09,-0.0379473319220206,1.32787321654838e-17,-0.2,,0.31578947368421,0,,,,,,,,1,1,,,0,0,0,0,,,,0,5,,,,,,,,0.999945752429944,0,0,,,,,,,,,,,0,0,0,0,,0,0,1,0,0,0,0,,,,1,,,,,,,,0,0,,,0,0,0,0,,,,0,5,,,,,,,,0.66320549576049,0,0,,,,,,,,,,,0,0,0,0,,0,0,1,0,0,-3.14018491736755e-16,2.6539406435475e-16,,,,0,-0.178,-0.13,-0.19,0.0268328157299975,1.0733126291999,0.475,0.89,0.7957,0,0,0,0,0,,0,0,0,0,-1.06,-1.06,-1.06,0,,2.65,5.3,28.09,0,1.238,1.19,1.25,1.0679419459877,1.07689368091748
2014-09-01T15:45:19Z,G_P,CLIP,CLIP,CLIP,0.264796375322691,,,,,,,1,1,-0.0824561403508772,3,-0.00274822222222222,1.73286795139986,0,3,0.325,-0.2,0.746149484268362,3,4,0.123872641524184,0.33782877130626,,,,,,0.699065771087333,0,0,0,,0,,,,0.564333375054443,0.21164536931798,0.126220939538886,0.585381939011888,1,1,0,0.136910351852752,,1.69,0,1,0.666162766307148,9.57879573281057e-07,-0.279226508605932,0.160740820824797,0.00306181125923591,,0.281528742748389,0,0.282808902532617,,,,,,,1,1,0.118432986813647,4,-0.0232361111111111,1.49417513828931,0.222222222222222,2,0.15,-0.2,0.104635491904897,3,3,0.238290665083749,0.337199942869169,,,,,,0.59762178994306,0,0,0,,0,,,,10.2193583291665,0.286518046217128,0.21085677362694,0.416211558058898,4,1,0.287682072451781,0.306476390245281,,2,0,1,0.47175834228703,2.25664544938176e-05,0.110426665642174,0.314906479623857,0.0730744242437768,,0.160020449897751,0,0.0481222510431938,,,,,,,0,0.75,-0.0211119882711176,2,-0.0652448888888889,1.49417513828931,0,3,-0.95,-0.4,0.444015141445465,2,2,0.463431934707886,0.907287466402234,,,,,,0.500045830129239,0,0,0,,0,,,,6.75323334995906,0.303012885430667,0.318233586788724,0.44195296918965,1,2,1.20397280432594,0.37125163673414,,1.44,0,1,0.0571912856559519,0.000123796216949571,0.149726825518408,0.00550781701921976,-0.0626940786910655,,0.1506674024315,0,0.357,0.69,0.19,0.145223964964464,0.925682579216466,1.04656597798179,3.57,13.6459,0,0.075,0.56,-0.31,0.2821839431608,-0.00889198231431021,0.821241690367772,1.49708662317513,4.0773,0.1,-0.908,-0.44,-1.31,0.28074504052214,0.0661332169954156,2.48761308663325,9.08,85.8364,0,1.516,1.13,1.88,0.727392603756733,1.38802017276407
2014-09-01T15:42:15Z,G_P,SlowMove,SlowMove,SlowMove,0.30952380952381,,,,,,,1,1,,3,0,1.6094379124341,0,0,0.3075,0.142857142857143,,2,3,0.656746031746032,0.281218418499084,,,,,,0.500045830129239,0,0,,,,,,,2.22044604925031e-15,0.513873744370879,0.25,,3,1,0,0.0379473319220206,,1.52,0,1,0.415449999999999,1.83067707988338e-09,1.53338669242869e-17,0.0212107789309384,0.191298964201197,,0.143835616438356,0,0.308278202512821,,,,,,,1,1,,2,0.00992233333333333,1.33217904021012,0,3,0.275,-0.142857142857143,0.783165050026363,2,2,0.612173498645877,0.396587726331009,,,,,,0.681549103766139,0,0,,,,,,,1.85939081801685,0.471393941762977,0.761173782449231,,1,1,0.200670695462151,0.181732404008384,,1.46,0,1,0.732184398772187,6.31720381793324e-06,0.365113680926914,-0.025924285360036,-0.410542314561979,,0.395064874546752,0,-0.201790074724145,,,,,,,0.5,1,,2,0.158818166666667,1.33217904021012,0.333333333333333,2,-0.95,-0.428571428571429,0.0605875000277397,1,4,0.0778041289547884,0.0711563839549244,,,,,,0.500045830129239,0,0,,,,,,,1.98783114387935,0.330638191573486,0.410525233752822,,1,1,0.510825623765991,0.71555339889254,,0.49,0,1,0.137265618815062,0.00288670615654498,-0.11346493479737,-0.172632172965693,-0.314585963909035,,0.170266554956323,0,0.284285714285714,0.31,0.25,0.0320713490294909,-0.229081064496366,0.71937208804943,1.99,3.97938482512441,0,0.501428571428571,0.69,0.25,0.18889402420657,-0.344483397611617,1.57028485597458,3.51,13.048651520909,0,-0.635714285714286,0.31,-0.94,0.430420613774369,1.40844434632019,2.25434093142717,4.45,22.4840588331096,0,1.51,1.19,1.75,0.745318723768563,1.06522298135179
2014-02-22T11:28:38Z,O!_B!,Feed,Feed,Feed,0.46107005932875,,,,,,,0.833333333333333,1,-0.0661376341322368,5,0.023484,1.25548232517875,0,1,0.325,0.1,0.909358072159294,4,5,0.107633135066781,0.100453259627278,,,,,,0.799142032088942,0,0,0,,0,,,,0.847575873630497,0.421256517957566,0.353567384192367,0.837928332612498,1,1,0.287682072451781,0.229401394939089,,3,0,1,0.629099710852663,1.9697617109415e-05,0.430619957453874,-0.0891277598493168,-0.0971056403906744,,0.354793347615992,0,0.496543190478061,,,,,,,0.857142857142857,1,0.0118827827316652,5,-0.0796351111111111,1.66746193342929,0,1,-0.05,0,0.560146494975074,3,5,0.120864710097834,0.102848816606266,,,,,,0.766039857712881,0,0,0,,0,,,,0.266417771572295,0.440850811423172,0.242204724440519,0.642398882025865,1,1,0.492476485097794,0.386914432113585,,1.67,0,1,0.518724656479554,8.15625432257786e-05,-0.447569294617994,0.288533714746569,0.185059399658064,,0.241213114264599,0,0.606112110421791,,,,,,,0.166666666666667,1,-0.150512095738042,5,-0.00370922222222222,1.25548232517875,0,1,0.925,0.1,0.737217201415737,4,5,0.283714669522865,0.287124923822466,,,,,,0.904240967213999,0,0,0,,0,,,,1.58253216906412,0.715158069726352,0.461002563507762,0.872504083287801,1,1,0.367724780125317,0.11716559980548,,3,0,1,0.845772820912638,7.21214279225388e-07,-0.441236786775659,-0.0465892733308774,-0.225541555931099,,0.429160974119569,0,0.529,0.94,0.31,0.227764498257886,0.349990348902201,1.53802146344679,5.29,30.1201,0,-0.325,-0.03,-0.98,0.376068847124802,-0.649759753853687,1.46480838077311,3.25,16.4943,0,0.767,0.94,0.53,0.173976371320297,-0.226040931268115,1.90019374902426,7.67,60.1365,0,1.621,1.28,2.53,0.895935265518665,1.48865711297128
2014-02-22T15:27:06Z,O!_B!,Nest,Nest,Nest,0.508359093250902,,,,,,,1,1,0.0949381761978362,5,0.00163488888888889,1.66746193342929,0,2,0.325,0.1,0.393112278368557,3,5,0.427335734147579,0.364003035101968,,,,,,0.789382008058768,0,0,0,,0,,,,1.94639395640988,0.60292067574987,0.246558582761263,0.603376284998201,1,1,0.575364144903562,0.175340937731165,,1.3,0,1,0.689204563352716,1.28810469048188e-06,0.0830119207856364,0.303502528058511,0.0980342422378962,,0.15504888310738,0,0.546116607923903,,,,,,,1,1,0.0646524268546435,5,-0.0396548888888889,1.66746193342929,0.222222222222222,2,0.25,0.3,0.439937193340245,3,5,0.233908684796144,0.202982853712719,,,,,,0.823846085286983,0,0,0,,0,,,,5.02680765672935,0.598991441491905,0.214232898462279,0.565199123692159,1,1,0.575364144903562,0.324324083458369,,1.6,0,1,0.711373605492713,2.0825038092812e-05,-0.367443668226826,-0.545849834810766,0.0998896685324527,,0.199026830485515,0,0.573480098014625,,,,,,,0.285714285714286,1,0.0830828300758263,5,-0.00495488888888889,1.66746193342929,0.111111111111111,2,0.875,0.1,0.304493683620967,3,5,0.360464572800826,0.316921971766568,,,,,,0.840543770389841,0,0,0,,0,,,,2.15226728378123,0.692525862228959,0.249837993484528,0.529169320827108,3,1,0.575364144903562,0.204396129556745,,2,0,1,0.742377816458732,1.86455475254268e-06,-0.210872780162271,-0.385355209649941,0.167571018202799,,0.185612092784576,0,0.508,0.7,0.33,0.185759701406593,0.00526431719754957,1.34391418141749,5.08,27.2944,0,-0.095,0.25,-0.53,0.361701227227359,-0.159799435110993,0.89486959850592,2.21738114069679,6.5085,0.1,0.679,0.92,0.39,0.239974535686139,-0.0894824726557294,1.78851470976071,6.79,48.5943,0,1.518,1.45,1.67,0.895935265518665,1.0040916292849
2014-03-25T15:48:00Z,O!_B!,SlowMove,SlowMove,SlowMove,0.0887413818395189,,,,,,,0.25,1,0.102068358515476,5,-0.0460652222222222,1.49417513828931,0.111111111111111,2,0.95,0.1,1,2,5,0.0742317866952578,0.156616584395948,,,,,,0.500045830129239,0,0,0,,0,,,,0,0.211879112787552,0.135960545817937,0.196252149586036,4,1,0.251314428280906,0.282213473180223,,0.9,0,1,0.459098793347974,3.37065600985136e-05,-0.017289377673527,-0.3124017508252,-0.105761441361416,,0.137988560533842,0,0.615291250144102,,,,,,,1,1,0.042652459610349,5,0.0112552222222222,1.49417513828931,0.222222222222222,2,-0.025,0,0.595970779497626,3,5,0.196738186884257,0.167403268489496,,,,,,0.859628513289506,0,0,0,,0,,,,2.92899994691243,0.595131669668556,0.226616837769087,0.29901181152046,1,1,0.575364144903562,0.21888606879176,,2,0,1,0.682634010540971,5.793828697646e-06,0.49794078542962,-0.250846523912768,0.0700848662593266,,0.296186964934832,0,0.0631008534603796,,,,,,,1,1,0.0783905724968055,5,0.0602247777777778,1.49417513828931,0.222222222222222,2,0.15,0.3,1,2,5,0.0703169037853903,0.105418094242966,,,,,,0.500045830129239,0,0,0,,0,,,,0.347728625428901,0.206222188785179,0.135151718954318,0.195001725885417,4,1,0.619039208406224,0.306653079409145,,1.15,0,1,0.442278378416182,4.74306953107411e-05,0.0522614916676286,0.327598481502875,-0.100066409264847,,0.135963217622228,0,0.788,0.98,0.22,0.246161645175595,-1.01651041658729,2.15618623181615,7.88,64.5324,0,-0.263,-0.02,-0.55,0.259745602037412,-0.0925326163273023,1.02384611096804,2.63,9.8985,0,0.311,0.94,0.11,0.265390697316658,1.13326920029754,1.25591813521773,3.11,12.4971,0,1.362,1.11,1.66,0.95346735654662,1.0303397497913
2014-03-25T11:24:31Z,O!_B!,StatMove,StatMove,StatMove,-0.0563063063063063,,,,,,,0.888888888888889,1,-0.361824324324324,3,-0.085484,1.66746193342929,0.111111111111111,3,0.15,0.1,0.31912724875816,1,5,0.226654915889238,0.0797861356001176,,,,,,0.500045830129239,0,0,0,,0,,,,0.275013030242651,0.276595983231442,0.170454138881657,0.10802128542983,3,3,0.619039208406224,0.366503751686119,,0.42,0,1,0.26662743356615,5.21403937823114e-05,-0.267695957921488,0.169338018727152,-0.0414477702667671,,0.163863216266174,0,0.17553317535545,,,,,,,1,1,0.0108807266982622,5,0.0683822222222222,1.49417513828931,0.111111111111111,2,-0.35,0,0.797434382399286,3,5,0.0866070302128146,0.101827246867277,,,,,,0.526719837828632,0,0,0,,0,,,,5.48016658322868,0.169530265506833,0.3216573065402,0.641534883185555,1,1,0.619039208406224,0.405681867696571,,1.39,0,1,0.3012163507109,0.000227444754365508,0.326545852736479,0.108624457316356,-0.127719550141348,,0.229230063779232,0.2,-0.157025304104599,,,,,,,0.444444444444444,0.888888888888889,-0.137817927535289,1,1.72461411111111,1.66746193342929,0.222222222222222,3,0.9,0.8,0.304445479023054,1,5,0.416137559271197,0.293840718578416,,,,,,0.500045830129239,0,0,0,,0,,,,6.66498874011467,0.275858273364281,0.208173960852714,0.28150962906367,1,1,0.606135803570316,1.05203110431415,,0.56,0,1,0.0942910732354312,0.00687024303514433,-0.127067221896956,-0.084863976289026,-0.244625766352064,,0.107136959071316,0,0.35,0.98,-0.16,0.314112506383727,0.409648368213912,1.41593285518061,3.5,15.5948,0,-0.136,0.56,-0.38,0.300044441152751,1.04180538553223,0.979953397371017,1.41916644627751,5.44,0.1,0.602,1.98,-0.58,0.739321009816139,0.0839801327155796,2.84841130206289,6.02,53.693,0,1.394,0.71,2.2,0.572800139664787,1.98736005796635
2014-02-23T13:37:36Z,O!_B!,notMoving,notMoving,notMoving,-0.151343223736969,,,,,,,1,1,,2,-0.0501984285714286,1.242453324894,0.285714285714286,2,0.25,-0.5,1,1,5,0.359885052743866,0.133025911662863,,,,,,0.500045830129239,0,0,,,,,,,45.0971996298361,0.154927956136588,0.134899714870434,0.101588122609348,1,1,0.31015492830384,0.318784895382152,,0.83,0,1,0.0896804530874098,9.48761642871581e-05,0.131937079385087,0.0508043779750186,-0.297971480070392,,0.191606392435752,0,-0.057983682983683,,,,,,,1,1,,2,-0.00499228571428571,1.56071040904141,0,2,-0.125,-0.5,1,1,3,0.0611323626625648,0.0616243452478351,,,,,,0.500045830129239,0,0,,,,,,,3.55277707487726,0.254253455722859,0.257691091209635,0.869492515091779,1,1,0.405465108108164,0.222293242619486,,0.79,0,1,0.164838769563769,3.37758871517175e-05,0.0398488401277103,0.0683949598706973,-0.161676775628427,,0.159573827120823,0.125,-0.470569931581379,,,,,,,0,0.714285714285714,,1,2.206632,0.450561208866305,0.142857142857143,4,0.9,-0.625,0.720677162520584,1,6,0.269757057044664,0.298719649967957,,,,,,0.500045830129239,0,0,,,,,,,62.1005951316922,0.328433903097909,0.170839129091881,0.147557116510513,1,1,0,1.11401461903719,,0.58,0,1,0.125125739711121,0.0129637494481346,0.363770147535632,-0.25375185901266,-0.472605781892138,,0.232509322381404,0,0.2525,0.56,-0.16,0.211034865095117,-0.599561442259181,0.960744774935236,2.02,5.1922,0,-0.1325,0,-0.48,0.146458185158768,-1.5495544330548,0.588828081813695,1.06,1.685,0,0.8675,1.98,-0.58,0.69223757276159,-0.623485051954749,3.04317571264782,6.94,58.1488,0,1.4375,1.14,2.2,0.806225774829855,1.98736005796635
2014-09-18T14:51:44Z,O!_O!,Feed,Feed,Feed,0.726811417628695,,,,,,,0.714285714285714,1,-0.0479143075833718,6,0.0930311111111111,1.25548232517875,0.111111111111111,1,-0.9,0.1,0.564031436597003,3,2,0.179409730759763,0.18713044351426,,,,,,0.906068433547557,0,0,0,,0,,,,4.61458670707755,1.03527415049531,0.269606404554851,0.455975904099311,1,2,0.847297860387204,0.4320140172623,,2.31,0,1,0.723391121724398,0.000225125440033884,1.41420997558011,-0.0706755283180129,0.269961150801725,,0.343747496972108,0,0.736133339839303,,,,,,,0.5,1,-0.142573436127647,6,-0.0723361111111111,1.25548232517875,0.111111111111111,1,0.9,0.1,0.912471574936291,4,3,0.22274080360659,0.12117144124485,,,,,,0.939252450265876,0,0,0,,0,,,,1.01553289944311,0.770467475734782,0.279381531431083,0.545162332939861,1,2,2.07944154167984,0.32108323600656,,3,0,1,0.921374964217169,6.72488636944392e-05,-2.00389717781944,-0.242664252402243,0.0291506841675159,,0.417107359369484,0,0.247677217201762,,,,,,,0.5,1,0.0455731650091579,3,-0.467470444444445,1.66746193342929,0.444444444444444,2,-0.1,0.7,0.306940922794572,2,3,0.247541193338553,0.254631755784192,,,,,,0.56178534861401,0,0,0,,0,,,,3.77955611875273,0.276350644894746,0.265097855455842,0.817630087396952,1,1,1.50407739677627,0.833278331518214,,1.18,0,1,0.597571114152941,0.000509767895712529,-0.800653878912844,-1.01487273422172,-0.242631873366935,,0.200571866624496,0.1,-0.249,0.63,-1.06,0.622565480714903,0.143185196631558,1.64656933875054,3.9923559542216,23.6103,0.1,0.208,0.94,-0.75,0.739260892152876,-0.185099056450004,2.00196770015473,4.43597853422422,28.3574,0.1,-0.00299999999999996,1.06,-1.13,0.71681471339066,-0.322597616016817,1.72749080876659,3.48668274993857,21.5917,0.1,1.776,0.82,2.75,0.550454357780915,1.62606887922991
2014-09-18T14:51:49Z,O!_O!,SlowMove,SlowMove,SlowMove,0.499184719310505,,,,,,,1,1,,5,-0.0548446666666667,0.950270539233235,0.166666666666667,1,-0.65,-0.571428571428571,0.844279356154259,2,4,0.126419962424568,0.184629423315797,,,,,,0.812019043165461,0,0,,,,,,,0.00588136124507565,0.590985194165803,0.17038732213299,,1,1,0.154150679827258,0.272959093394352,,1.5,0,1,0.813114558583741,2.96169084903132e-05,-0.770140410203602,0.115480907512887,-0.0353763284320863,,0.343722303276565,0,0.339890996194721,,,,,,,0.8,1,,2,0.630131833333333,0.950270539233235,0.166666666666667,2,0.5,-0.428571428571429,0.665181129149849,2,4,0.614017424256287,0.169047741729436,,,,,,0.660421936225762,0,0,,,,,,,0.0562337407795422,0.31258729325891,0.210373359876973,,1,1,0.154150679827258,0.664843339943078,,1.52,0,1,0.66863131592911,0.00144748556858045,1.1264097224621,-0.261010418511271,-0.118230468165853,,0.323913104315211,0,0.414619667276864,,,,,,,0.6,1,,3,0.0915284999999999,0.950270539233235,0,2,-0.35,-0.571428571428571,0.956940978244409,2,3,0.490395852014394,0.380582424931282,,,,,,0.713220505721868,0,0,,,,,,,0.018752739755592,0.400486638104612,0.141875873407329,,1,1,0.154150679827258,0.34927066867975,,1.47,0,1,0.67913287970597,7.07599051292787e-05,0.631125077030807,-0.167918666536596,0.0549336192614395,,0.298409002503739,0,-0.42,0.13,-0.69,0.378285606387555,0.718124559590197,1.77060506021231,2.94,11.5657339029159,0,0.221428571428571,0.81,-0.75,0.66986139291221,-0.700696349354027,1.90990227630714,2.31775906631027,11.2413565601561,0.142857142857143,-0.581428571428571,-0.31,-1.13,0.379228540215904,-0.692865687377377,2.13097634389312,4.07,19.422147655534,0,1.72571428571429,1.5,2.01,0.898109124772708,1.36246100861639
2014-02-21T13:42:37Z,O!_W!,Feed,Feed,Feed,0.0998827529604878,,,,,,,1,1,0.0125571579317622,3,-0.000813,1.66746193342929,0,2,0.175,0,0.332450421971423,3,2,0.0912341186127009,0.110918481347149,,,,,,0.500045830129239,0,0,0,,0,,,,7.2279027539883,0.0800211030557235,0.430491341719302,0.958522034694012,1,1,0.0625203569813339,0.137113092008021,,2.09,0,1,0.231769666943769,3.35444917248899e-06,0.109934652817133,-0.011609363206304,-0.129137753361876,,0.223503104138163,0,0.361966829969886,,,,,,,0.857142857142857,1,-0.0321093082835184,6,0.0296704444444445,1.07354284640852,0.222222222222222,1,0.05,-0.1,0.644257240781915,3,5,0.0833000745176226,0.0861066247563189,,,,,,0.72886026091963,0,0,0,,0,,,,4.79220470094921,0.265364630899459,0.37551374149222,0.853544381021562,1,1,0.362905493689369,0.364752579763933,,2.6,0,1,0.527558546095833,0.000176465539609008,0.627580055074321,0.0684104048147745,-0.248880806539256,,0.340205562598028,0,-0.240942683527673,,,,,,,0,0.444444444444444,0.0309738873378223,2,-0.000427777777777779,1.73286795139986,0,4,1.05,0.5,0.00406866047918125,1,4,0.0414880384497509,0.0511464128800291,,,,,,0.500045830129239,0,0,0,,0,,,,2.40624445845623,0.246048334289254,0.5720746244359,1.12741076461109,1,1,0.287682072451781,0.542811610454718,,0.67,0,1,0.0480891355325083,0.000773995362402865,0.184129662475181,-0.0554290610635113,-0.296254675764979,,0.187469845609521,0,0.211,0.47,0.13,0.0973481723848304,1.75116383996368,0.656103358062555,2.11,4.8305,0,0.238,1.02,-0.02,0.314458971003284,1.39236674258723,1.17976959716812,2.38,9.634,0,1.074,1.98,0.88,0.329011988974397,2.01286764508852,2.95861100133351,10.74,119.657,0,1.531,1.1,3.47,0.905648938607008,2.2763347732704
2014-02-21T14:30:05Z,O!_W!,Nest,Nest,Nest,0.572804391217565,,,,,,,1,1,-0.0730538922155688,7,-0.00117388888888889,1.07354284640852,0.111111111111111,2,0.19,0.7,0.00504140951733662,3,5,0.0584610190764497,0.0688500606834684,,,,,,0.867584289990011,0,0,0,,0,,,,0.117163015010627,0.513943363824617,0.173366473506854,0.640725707121156,1,1,0,0.0775313556640867,,1,0,1,0.753717097442572,2.02265950416695e-07,-0.205952494467704,-0.0782779969303859,-0.0927024333546069,,0.347476237861579,0,0.503619528619529,,,,,,,1,1,-0.160886644219978,4,-0.00188744444444444,1.73286795139986,0.111111111111111,1,0.225,0.6,0.643422487597472,3,5,0.108463653997394,0.104821462241847,,,,,,0.865843778506085,0,0,0,,0,,,,0.173675322709902,0.274364569726274,0.693869039705551,0.972929777215056,1,1,0.0317486983145803,0.100388135642504,,1.36,0,1,0.76545113386723,2.72179708315383e-07,-0.32853867578873,0.0197366759495518,-0.206505206146948,,0.432344207400543,0.1,0.377192982456141,,,,,,,0,1,0.0263157894736843,5,1.21111111111111e-05,1.66746193342929,0,2,0.8925,0.3,0.379429008526592,3,5,0.0975624256837106,0.0950304006716568,,,,,,0.693112854641305,0,0,0,,0,,,,0.805804866593396,0.320427964204044,0.238652071323426,0.728754212604475,1,1,0,0.020275875100994,,1.32,0,1,0.544541598549496,1.05107656912665e-09,0.0201948603829068,0.0218635318819526,-0.116874582891675,,0.214684014869889,0,0.142,0.22,-0.02,0.0943751379689941,-0.762227540954175,0.485786923536665,1.42,2.3884,0,0.202,0.39,0,0.125857061780418,0.0721597823224504,0.707042016527929,2.02,4.7732,0,0.905,0.94,0.89,0.0177951304200522,0.58561260218897,1.84915581126191,9.05,81.9155,0,1.253,0.96,1.49,0.923688259100439,1.0081170566953
2014-02-21T13:43:54Z,O!_W!,VertMove,VertMove,VertMove,0.286955749066998,,,,,,,1,1,0.00870209110834666,4,-0.00265777777777778,1.07354284640852,0.333333333333333,5,-0.075,0.7,0.85873619769274,2,3,0.30767967244519,0.186766063748204,,,,,,0.564257123104129,0,0,0,,0,,,,0.163994969547021,0.214849603647697,0.182173678654635,0.0710815016591203,1,1,0.22314355131421,0.168333333333333,,1.43,0,1,0.252339336462414,5.14264213415265e-06,0.159474916002807,0.077591384836113,-0.0817566655654772,,0.213289781147996,0.1,0.320752797558494,,,,,,,0.714285714285714,1,0.121960834181078,5,-0.0563757777777778,1.49417513828931,0.111111111111111,2,0.05,0.1,0.0478906274882104,3,4,0.180826504015158,0.259375376963038,,,,,,0.654676845022439,0,0,0,,0,,,,1.04010803612836,0.36290353394612,0.258578524906912,0.272088382527228,2,1,0.575364144903562,0.405476400190086,,2,0,1,0.512466578999119,7.3960499546587e-05,0.340751155700634,-0.442765398876997,-0.046507875427934,,0.201318095659915,0,0.192942553885722,,,,,,,0.625,1,0.0759774284562676,2,-0.324343111111111,1.49417513828931,0.444444444444444,2,0.9,0,0.747398706110137,2,4,0.0987675997234558,0.089020065735674,,,,,,0.506300430550366,0,0,0,,0,,,,0.668249402425225,0.229228242929741,0.257140456756542,0.624449605020609,1,1,1.09861228866811,0.689977857937807,,1.07,0,1,0.326074820922784,0.001515293699904,-0.540431656192956,0.37524303858993,-0.10464872615512,,0.206026213366874,0,0.033,0.28,-0.09,0.136954980437612,0.980350924665909,0.420618622472182,0.641300011518586,0.9525,0.1,0.356,0.77,-0.2,0.373904325255064,-0.0962217816313421,1.48234867374273,3.56,18.7056,0,0.485,0.94,-0.64,0.538005576179281,-0.729147403245835,2.24007239514955,4.85,35.8397,0,1.1,0.87,1.43,0.754320886625844,0.964365076099295
2014-02-21T15:19:20Z,O!_W!,notMoving,notMoving,notMoving,-0.0964007336084365,,,,,,,1,1,,1,-0.0093294,0.562335144618808,0.2,2,-0.075,0.166666666666667,1,1,5,0.0711220123376914,0.212023374044064,,,,,,0.500045830129239,0,0,,,,,,,9.0879878469092,0.0821734757441078,,,1,1,0,0.164560019445794,,0.72,0,1,0.428703765474553,9.71491304283824e-06,-0.162252283717144,0.0209161847791198,-0.235009472885305,,0.297560150534906,0,-0.0212278747369724,,,,,,,1,1,,5,-0.1557376,0.562335144618808,0.2,1,-0.25,0.166666666666667,1,1,5,0.0615417556367583,0.383333333333331,,,,,,0.500045830129239,0,0,,,,,,,0.00115546825479789,0.079657769476272,,,1,1,0,0.411679486979859,,0.6,0,1,0.490315855922763,0.000391056933433176,-0.490426202982089,0.0553837005418948,-0.178929770231629,,0.310601749394035,0,-0.0477627285324751,,,,,,,0.2,1,,5,0.0949104,0.562335144618808,0,3,0.95,0.166666666666667,1,1,5,0.0609659997137525,0.383333333333336,,,,,,0.500045830129239,0,0,,,,,,,0.00168506193001364,0.0818562595223075,,,1,1,0,0.349113162169518,,0.67,0,1,0.499128389432748,0.000195569388981087,0.415796128615249,-0.0447783110764253,-0.234850966695329,,0.322524742792317,0,-0.00333333333333333,0.28,-0.08,0.139236010667739,1.34154394664124,0.230751363690575,0.340440890610984,0.2264,0.333333333333333,-0.0533333333333333,0.72,-0.22,0.378981090117524,1.35877566468039,0.726774233952066,0.950157881617576,1.8336,0.166666666666667,0.803333333333333,0.94,0.16,0.31531994333798,-1.35788245613756,2.12012994131533,4.82,24.4196,0,1.19333333333333,1.16,1.22,0.788923316932641,0.964365076099295
2014-09-10T16:27:36Z,O_B,CCONE,CCONE,CCONE,0.601815113949583,,,,,,,0.428571428571429,1,-0.050413450255435,5,-0.304017,1.25548232517875,0.333333333333333,1,-0.9,0.1,0.725384295702233,3,5,0.256543356868697,0.252142597215529,,,,,,0.846959328040538,0,0,0,,0,,,,4.14291121203299,0.603098546694579,0.33387906546564,0.521236492967676,2,2,0.356674943938732,0.550431648799376,,1.72,0,1,0.612152228839014,0.000509917619536726,-1.1396516318329,-0.251368135200028,0.265176616390575,,0.321771023900516,0.2,0.740191897654584,,,,,,,1,1,-0.045362473347548,5,0.000192,1.25548232517875,0.222222222222222,1,-0.13,0,0.557871160285079,4,2,0.339689684343253,0.264684882951651,,,,,,0.911476810977214,0,0,0,,0,,,,4.53422755996895,0.826165081253701,0.34326678197955,0.305603213780817,2,2,0,0.0610327780786685,,3,0,1,0.770508505242979,4.28839351891562e-08,0.214580826111974,-0.054106816968769,0.135626977542636,,0.35141163724428,0,-0.0490771875574392,,,,,,,0.111111111111111,0.777777777777778,-0.231183167728054,2,-0.0816351111111111,1.55958115625988,0,5,0.95,0.5,1,1,2,0.0639063631211373,0.206467863779421,,,,,,0.500045830129239,0,0,0,,0,,,,0.0755304004169638,0.199117550829672,0.287606003681498,0.25022222121532,1,1,0.510825623765991,0.374124904870612,,0.55,0,1,0.428702881600261,6.53732783888592e-05,-0.580585377512493,0.0873683321123365,-0.242849295993344,,0.454325363860851,0,-0.299,0.63,-0.94,0.635862493870421,0.301919319854717,1.97116632237498,3.67562268951296,26.7561,0.1,-0.176,-0.06,-0.31,0.0913114328974076,-0.237624874731913,0.522218028041249,1.76,3.4656,0,0.901,1.69,0.56,0.320570671702131,1.2514237363752,2.50652709147555,9.01,85.1661,0,1.64,1.12,2,0.867294644281861,1.70944435416892
2014-09-10T16:31:37Z,O_B,RunningMove,RunningMove,RunningMove,0.111277885107577,,,,,,,1,1,-0.0179670084707981,2,0.0581247777777778,1.55958115625988,0.444444444444444,4,-0.85,-0.5,0.463547503862116,2,2,0.710182446094625,0.341553545520361,,,,,,0.500045830129239,0,0,0,,0,,,,0.237474960698695,0.231405553619471,0.279616978723101,0.850836958863141,1,1,0.194156014440958,0.334057546606037,,1.8,0,1,0.355378130331363,5.90186434040216e-05,0.291927069424408,-0.231559341339301,-0.0669494207744627,,0.206137131507648,0.1,0.345495103681673,,,,,,,0,0.285714285714286,0.0603437955234773,5,-5.40874522222222,1.66746193342929,0.111111111111111,2,-0.25,-0.1,0.76416786007497,3,3,0.0900386524871942,0.0829783796597308,,,,,,0.662517132029926,0,0,0,,0,,,,0.0928697890829999,0.303560810837976,0.207964751019206,0.679763905595105,1,2,1.6094379124341,1.63407551165109,,1.89,0,1,0.51469364926476,0.0393319264357038,1.29983085002113,1.58689191169214,-0.0523029191714558,,0.201815599401121,0.2,-0.229425465838509,,,,,,,0.555555555555556,0.777777777777778,0.0174689440993789,2,2.39999999999999e-05,1.38629436111989,0,4,0.7,0.1,0.676913552190058,1,4,0.0470686816119199,0.0454014842368775,,,,,,0.500045830129239,0,0,0,,0,,,,0.441749567895559,0.272645531842055,0.611742951848771,1.15396500856272,1,1,0.741937344729377,0.738816621361485,,0.57,0,1,0.0470743957566211,0.00245709630552883,-0.211906624648663,0.0352207588808886,-0.282521084816032,,0.160100797984041,0,-0.407,0,-0.81,0.259403161121834,-0.269797284226918,1.45862761266867,4.07,19.5749,0,-1.109,0.31,-4,1.41390279408137,-0.73617329011547,5.27366280139918,11.09,203.6605,0,0.84,2.06,0.63,0.447610942175854,1.98029157453896,2.8,8.4,79.076,0,2.418,1.07,6.06,0.787718223732319,4.49928883269345
2014-09-10T16:32:41Z,O_B,SlowMove,SlowMove,SlowMove,0.25,,,,,,,1,1,,2,0.00228633333333333,0.693147180559945,0,1,-0.37,0.25,0.503818992357602,2,2,0.375,0.142537789728658,,,,,,0.500050751070245,0,0,,,,,,,0,,,,1,1,0,0.109696551146029,,,0,1,0.8,6.95045333333331e-07,0.169941166289984,-1.94804617714713e-17,-0.75,,0.3,0,0.25,,,,,,,1,1,,2,-0.0585386666666667,0.693147180559945,0,1,-0.575,0.25,,2,2,,0.144716152064746,,,,,,0.500050751070245,0,0,,,,,,,-4.44089209850063e-15,,,,1,1,Inf,0.32331615074619,,,0,1,0.8,5.24506453333333e-05,-0.500879226959953,-1.65502276883152e-16,-0.75,,0.3,0.5,0.25,,,,,,,0,0,,2,0.333333333333333,0.693147180559945,0,1,0.65,0.25,,2,2,,,,,,,,0.500050751070245,0,0,,,,,,,0,,,,1,1,Inf,0.577350269189626,,,0,1,0.8,0.000533333333333333,0.894427190999916,2.48253415324727e-16,-0.75,,0.3,0,-0.285,-0.19,-0.38,0.109696551146029,5.74949091949999e-16,0.704350288425444,1.14,1.3718,0,-0.28,0,-0.56,0.32331615074619,0,0.955979797464467,1.12,1.8816,0,1.19,1.69,0.69,0.577350269189626,0,3.08710678118655,4.76,24.6576,0,1.755,1.07,2.44,0.787718223732319,1.79047479736521
2014-09-13T10:12:39Z,P_W,CCONE,CCONE,CCONE,0.6205647086915,,,,,,,0.285714285714286,0.857142857142857,0.0267908309455587,4,-0.0206292222222222,1.49417513828931,0.111111111111111,2,-0.35,0.4,0.626031778722495,3,4,0.120199568328394,0.0847719107520091,,,,,,0.851535189621835,0,0,0,,0,,,,1.77018913445281,0.608067642246837,0.198396654498682,0.602384228197163,1,3,1.20397280432594,0.330861669651298,,2.39,0,1,0.627748399444842,7.53897775555184e-05,0.624725374064476,0.30385254847067,0.261146874957812,,0.273779157249822,0,0.166738356072317,,,,,,,1,1,-0.0575912359701593,2,-0.0335982222222222,1.32088834314932,0.555555555555556,6,0.225,0.7,0.446902283587734,2,2,0.681502473256031,0.299819408026516,,,,,,0.500045830129239,0,0,0,,0,,,,6.0695520681569,0.43937336620565,0.345213335403876,0.824541635176834,1,1,0.693147180559945,0.312774324038559,,1,0,1,0.408737407599826,2.69595535588533e-05,-0.348843200042707,-0.227927086840426,-0.0607769603042626,,0.258666010098208,0,0.302026029167436,,,,,,,0.5,0.5,-0.0109054827395237,4,-0.131778888888889,1.73286795139986,0.333333333333333,3,0.5,0.4,0.313035527303895,2,2,0.575422243979519,0.442248467546209,,,,,,0.528624889926339,0,0,0,,0,,,,0.508951903365636,0.382163536379282,0.34503800699301,0.682785512206515,1,1,1.25276296849537,0.663885867031709,,1.4,0,1,0.273201214925235,0.000938955941472514,0.274288607624756,-0.18774275194822,0.149282396348473,,0.154837528670698,0,-0.662,-0.31,-1.38,0.385884265896741,-0.558132320214004,2.07750379400168,6.62,50.333,0,0.108,0.38,-0.31,0.257155378883835,-0.59706306890938,0.829622424476434,1.20090891159814,4.126,0.3,0.588,1.44,-0.38,0.53750038759676,0.181316035841254,2.48186187539122,5.88,47.188,0,1.57,0.93,2.13,0.536935750346352,1.52121661836834
2014-09-13T09:57:09Z,P_W,Feed,Feed,Feed,0.53816476089994,,,,,,,1,1,-0.0542901137756993,7,-0.00177422222222222,1.07354284640852,0.222222222222222,1,-0.325,0.7,0.305559015242797,3,3,0.248898312342377,0.204756584871269,,,,,,0.852890249404758,0,0,0,,0,,,,6.08069478163003,0.529076497977105,0.324460668456509,0.882407191326051,1,2,0.430782916092454,0.176147034541538,,1.74,0,1,0.710163341749064,6.18545774543249e-06,-0.451336478087972,-0.0943060727605456,-0.225338656609642,,0.371542517691144,0.1,0.396158505504399,,,,,,,1,1,-0.183323955223387,2,0.0538851111111111,1.73286795139986,0.333333333333333,3,-0.35,0.1,0.681602784764238,2,2,0.595044094515649,0.288374545795932,,,,,,0.769660308522956,0,0,0,,0,,,,0.531586118820605,0.36677530347215,0.453517809240163,0.691804340744595,1,1,0.916290731874155,0.375791756754249,,1.4,0,1,0.574491147404987,6.05167444319316e-05,0.863951077515615,-0.0118277062918228,0.132537610509374,,0.387551165936682,0.1,0.121225683255758,,,,,,,0.75,0.75,0.0206766917293233,2,0.16887,1.66746193342929,0.333333333333333,2,0.1,-0.2,0.329661272111317,2,2,0.102168248027192,0.101129578511384,,,,,,0.500045830129239,0,0,0,,0,,,,0.396223096352225,0.237627721605993,0.306322384436545,0.81697866565679,1,1,1.54044504094715,0.846758525200662,,1.14,0,1,0.216858597448783,0.00646665768403149,-0.024313998470551,-0.452593450316325,-0.0492243327943949,,0.124861307837583,0,-0.389,0,-0.63,0.197396949205289,0.245003895281374,1.17409436145166,3.89,16.6871,0,0.283,0.75,-0.31,0.409689584387443,-0.247125438910504,1.5124220435405,2.83,15.3239,0,0.52,2.13,-0.13,0.610245852095694,1.67670356600402,2.62384667752001,5.2,43.2362,0,1.342,0.63,2.44,0.51662365412358,2.15244047536744
2014-09-13T10:04:51Z,P_W,SlowMove,SlowMove,SlowMove,0.172026800670017,,,,,,,1,1,-0.142565770026604,3,0.00173611111111111,1.49417513828931,0,3,-0.575,0,0.569022115947079,2,4,0.38631191482204,0.358026369384664,,,,,,0.500045830129239,0,0,0,,0,,,,10.2934048128406,0.275599365060725,0.481077454273334,0.453227205600309,1,1,0.0588405000229335,0.126271312832505,,1.44,0,1,0.289647111994532,9.45491612539414e-07,0.151794120860148,-0.0180140533435692,0.0764210371064783,,0.262409297441891,0,0.626792035780276,,,,,,,1,1,-0.135175879396985,5,-0.00544022222222222,1.25548232517875,0.333333333333333,1,0.125,-0.2,0.929693517562787,4,4,0.194812271411883,0.292707409035207,,,,,,0.893604571732081,0,0,0,,0,,,,7.92251659486632,0.671343459829324,0.780852967837125,0.764863959414099,2,2,0.251314428280906,0.173333333333333,,3,0,1,0.713589492472834,7.08308443707096e-06,-0.640058968282922,0.0827928254453172,0.301404320130726,,0.374415365882974,0,0.133076109769761,,,,,,,1,1,0.138492007132825,2,-0.0394148888888889,1.38629436111989,0.111111111111111,4,0.35,0.1,0.620518613658115,2,4,0.244736133310991,0.231627518284551,,,,,,0.500045830129239,0,0,0,,0,,,,0.116905074997765,0.194865236153262,0.202321866118173,0.369851639977999,2,1,0.587786664902119,0.297508169822462,,1.38,0,1,0.464594060613266,2.8581951786458e-05,-0.164726277207043,-0.286561166328183,-0.0577801483859153,,0.16756845403946,0,-0.539,-0.38,-0.69,0.106191650644797,0.335913221142611,1.3260334228827,5.39,29.5283,0,0.459,0.75,0.13,0.253659877263499,-0.108249319270631,1.49230827628671,4.59,23.9155,0,0.339,0.75,-0.25,0.265348827018323,-0.688093286624049,1.29248945418397,3.39,14.3793,0,1.387,0.82,1.69,0.492950301754649,1.02386522550578
2014-09-13T10:05:28Z,P_W,notMoving,notMoving,notMoving,0.138049814520403,,,,,,,1,1,,3,0.0011664,0.562335144618808,0,2,-0.39,0,0.693703090368576,2,2,0.104515886443071,0.383333333333333,,,,,,0.500045830129239,0,0,,,,,,,0.23130604043095,0.210127183796575,,,2,1,0,0.0944986772394196,,2,0,1,0.38401240063593,1.06808099857796e-06,0.0959529527573652,-0.0147297075909296,0.120054559285239,,0.231005044625534,0,0.0845702246526051,,,,,,,1,1,,2,0.0306264,1.38629436111989,0,2,0.475,0,1,2,2,0.254933762834755,0.325010665818822,,,,,,0.500045830129239,0,0,,,,,,,19.1575460984843,0.329568851273553,,,1,1,0.510825623765991,0.319890606301592,,2,0,1,0.174274348412755,5.04504904422305e-05,0.205137086220062,-0.0126675485281992,-0.0861779151659161,,0.176634181299633,0,0.258260887125274,,,,,,,0.5,1,,2,0.6582674,1.38629436111989,0.4,2,-0.9,0.333333333333333,0.0749562320847645,2,2,0.232278750432368,0.144509814291582,,,,,,0.500045830129239,0,0,,,,,,,6.19551653158836,0.583204509180236,,,2,1,Inf,0.911783965640984,,2,0,1,0.193198407899918,0.005243642603903,0.561327164087805,0.105464706351055,0.157606953699313,,0.156223727814339,0,-0.386666666666667,-0.31,-0.56,0.0915787457146399,-0.934316188908815,0.922846127380562,2.32,5.492,0,0.511666666666667,0.75,0.19,0.216648717205218,-0.139191622884906,1.41091980962273,3.07,10.1109,0,-0.0316666666666667,0.69,-0.88,0.741765910962931,-0.153064688990939,1.2318038120731,2.71998161758494,8.0513,0.166666666666667,1.53666666666667,0.82,1.94,0.492950301754649,1.19707978013163
2014-02-23T10:28:31Z,R!_R!,Feed,Feed,Feed,0.62616387653231,,,,,,,1,1,-0.0852626574756359,5,-0.001611,1.25548232517875,0.111111111111111,1,-0.125,0.3,0.573833663924936,4,3,0.516609390084319,0.952935584719877,,,,,,0.885991006144099,0,0,0,,0,,,,0.642690832331072,0.588529901313321,0.257666230282523,0.552684284885888,1,2,0.196710294246054,0.136656503687165,,2,0,1,0.742927672344119,1.97266023941758e-06,-0.394052468029609,-0.107520556673745,0.120703492138349,,0.357565654887787,0.1,-0.313991069530087,,,,,,,1,1,-0.0298320221135446,1,0.0500228888888889,1.73286795139986,0.333333333333333,3,-0.25,-0.1,0.405284547075365,1,3,0.222200318320087,0.305134189692839,,,,,,0.500045830129239,0,0,0,,0,,,,13.5545203340051,0.145739662840676,1.30357242734031,1.65554514441222,1,1,0.367724780125317,0.424512792635406,,0.79,0,1,0.14719304221795,0.000173218913788908,0.28088731259131,0.00320178545775667,-0.498344811877782,,0.34038947257643,0.1,0.306983725707063,,,,,,,0,0.375,-0.0100963817348714,3,0.000542222222222223,1.55958115625988,0,3,0.95,-0.1,0.769103429016252,2,3,0.108664987618967,0.0814549390425082,,,,,,0.500045830129239,0,0,0,,0,,,,0.3578944109384,0.485791073139994,0.377146572929399,0.63746401473098,2,1,0,0.101173668071841,,1.44,0,1,0.181654178908345,7.98424449601323e-07,0.0318653515258745,-0.0422747588568624,0.244904857737863,,0.119407333513579,0,0.081,0.38,-0.13,0.1808897761376,0.123460476487971,0.539836042389005,1.07584782374348,2.0973,0.1,-0.142,0.42,-0.5,0.250412992208205,0.82542086592226,0.91026440924164,1.42,4.6204,0,1.011,1.16,0.94,0.0838583461691335,0.918267483164466,2.22773651728763,10.11,102.5273,0,1.396,1.11,2.04,0.985748446613029,1.31909059582729
2014-02-23T11:30:46Z,R!_R!,StatMove,StatMove,StatMove,0.653670446081271,,,,,,,1,1,-0.056716047339237,5,0.00880622222222222,1.2130075659799,0.111111111111111,2,-0.125,0,0.488271912531421,3,4,0.0737381961668995,0.066377678895063,,,,,,0.892242307756833,0,0,0,,0,,,,0.0502599705892947,0.621287946413809,0.145157481494427,0.491737981436905,1,1,0.207639364778245,0.149341145628985,,2,0,1,0.758045554032083,2.29429310032285e-06,0.463589772259795,-0.153573919235606,0.0608584726628503,,0.349717051102366,0,0.211490863601841,,,,,,,1,1,0.00655408122235625,2,0.00726877777777778,1.07354284640852,0.222222222222222,2,-0.35,0.6,0.765158982130075,2,4,0.442901426628285,0.243305974920179,,,,,,0.500045830129239,0,0,0,,0,,,,2.02890558406674,0.281075862169502,0.333688668306744,0.10042347229338,2,1,0.916290731874155,0.58169531925609,,0.95,0,1,0.158234938561813,0.000512816079860329,0.323784635692945,0.285044949735044,-0.0236704610365679,,0.165377362947945,0,0.175970444375065,,,,,,,0,0.375,0.000842959725257478,2,0.000445111111111109,1.07354284640852,0,2,1.01,0.5,0.492156505038237,2,4,0.631728119407164,0.344914470343823,,,,,,0.500045830129239,0,0,0,,0,,,,1.91652521468395,0.356971334808005,0.414364845937489,0.134239159499151,2,2,0,0.137426748164654,,1.15,0,1,0.126501393452932,1.51298159534821e-06,0.0512477400203472,0.0656653246570118,-0.00884495652786344,,0.144300398838392,0,0.101,0.3,-0.13,0.200690474778119,-0.302487274117381,0.647110847699059,1.20757245261141,2.8265,0.1,0.016,0.81,-0.39,0.446049324626773,0.911748766647208,1.19062853601687,1.99222236462744,8.9756,0.2,1.021,1.2,0.92,0.103327956849377,0.772365325277087,2.30957505139031,10.21,104.7245,0,1.534,1.17,2.26,1.00786903911173,1.46921747879611
2014-02-23T10:28:36Z,R!_R!,VertMove,VertMove,VertMove,0.0937904823082276,,,,,,,1,1,0.0363417375943472,4,0.00817688888888889,1.73286795139986,0.222222222222222,2,0.275,0.4,1,2,4,0.0828332544748315,0.109869097452672,,,,,,0.500045830129239,0,0,0,,0,,,,26.6188108348783,0.166278513925997,0.270343460206721,0.933596773032619,1,1,0.287682072451781,0.201418580186746,,1.47,0,1,0.243312041373479,2.02949044747505e-05,0.0656960806704687,0.102998018793502,-0.108081268325487,,0.144830632231447,0,-0.0112024877284058,,,,,,,1,1,-0.0524427539770245,1,-0.171982777777778,1.2130075659799,0.111111111111111,3,-0.3,-0.3,0.729490416731118,1,4,0.127944473656621,0.109736679100239,,,,,,0.500045830129239,0,0,0,,0,,,,26.7617037318443,0.173177596923514,0.189132923350498,0.356275073521522,1,1,0.336472236621213,0.479785831850467,,0.65,0,1,0.471684747348607,0.000239001935277929,-0.5964549837841,0.308944319907375,-0.256920299325191,,0.30994385796795,0,-0.138592514462038,,,,,,,0.111111111111111,0.888888888888889,0.0185133745192969,1,-0.061485888888889,1.07354284640852,0.222222222222222,1,0.9,-0.3,1,1,4,0.106551891444286,0.111348544858003,,,,,,0.500045830129239,0,0,0,,0,,,,19.3184890319553,0.144520772803086,0.451391344545274,1.21276255765198,1,1,0.287682072451781,0.644782478394415,,0.69,0,1,0.17481740335366,0.00174851394930174,-0.275005020474778,0.238685334551826,-0.296105935591269,,0.167550426048131,0,0.177,0.27,-0.2,0.144071741388333,-1.68120031860253,0.718354480401877,1.77,3.9985,0,-0.264,0.81,-0.86,0.415857881706933,1.42352470539632,1.42863851906219,2.64,13.1676,0,0.833,1.2,-0.31,0.411826554645413,-2.05155343264809,2.65252107331821,8.33,75.7569,0,1.538,1.33,2.26,0.935788437628933,1.46921747879611
2014-02-23T10:27:27Z,R!_R!,notMoving,notMoving,notMoving,,,,,,,,1,1,,,0,0,0,0,,,,0,3,,,,,,,,0.64597944810968,0,0,,,,,,,,,,,0,0,0,0,,0,0,1,0,0,-6.7986997775526e-17,3.92523114670944e-17,,,,0,,,,,,,,1,1,,,0,0,0,0,,,,0,3,,,,,,,,0.613053178681016,0,0,,,,,,,,,,,0,0,0,0,,0,0,1,0,0,6.7986997775526e-17,-3.92523114670944e-17,,,,0,,,,,,,,0,1,,,0,0,0,0,,,,0,3,,,,,,,,0.746261556736406,0,0,,,,,,,,,,,0,0,0,0,,0,0,1,0,0,-1.35973995551052e-16,7.85046229341888e-17,,,,0,0.27,0.27,0.27,0,,0.81,0.81,0.6561,0,-0.34,-0.34,-0.34,0,,1.02,1.02,1.0404,0,0.91,0.91,0.91,0,,2.73,2.73,7.4529,0,1.52,1.52,1.52,1.0082658379614,1.0082658379614
2014-09-10T16:57:38Z,R_O,Feed,Feed,Feed,0.0989641905889315,,,,,,,0.625,1,-0.0992601361349512,2,0.00225411111111111,1.55958115625988,0,5,0.625,0.3,0.751721412970838,2,2,0.767796530964428,0.629816101399881,,,,,,0.500045830129239,0,0,0,,0,,,,4.37927558272199,0.520772212158154,0.540713048678887,0.708868641109188,1,1,0.0923733201310152,0.158491149419911,,1.18,0,1,0.370697253746126,3.5508723830234e-07,0.173118688039227,0.0855280826065189,-0.162726501746232,,0.312663869952805,0,0.211614364283403,,,,,,,1,1,0.00951148495632482,2,-0.00304677777777778,1.55958115625988,0.222222222222222,2,-0.125,0.7,0.824404387904746,2,4,0.790250505710209,0.0384405828473131,,,,,,0.500075747324925,0,0,0,,0,,,,6.01792814766275,0.440576195414552,0.336812631230228,0.826378997256883,1,1,0.0923733201310152,0.138061982859552,,0.79,0,1,0.450908346940346,1.22138692040208e-06,-0.166749062139685,-0.104304969030279,-0.0636624140811095,,0.289359615262925,0,0.164448929106178,,,,,,,0,1,0.127263850009765,2,-0.002106,1.55958115625988,0,4,-0.675,0.4,0.65526553677479,2,2,0.432834742818597,0.405362053227277,,,,,,0.500045830129239,0,0,0,,0,,,,2.08430630266846,0.446066525033039,0.376026434623193,0.409243667890723,2,1,0.207639364778245,0.163401346383682,,1.61,0,1,0.268919526448974,7.34105470867023e-07,-0.118215984289231,-0.107189559995523,0.0468304718957522,,0.191552562228438,0,0.708,0.88,0.56,0.122547043121316,0.18903878249108,1.66564437519473,7.08,50.786,0,-0.184,-0.06,-0.38,0.117208266678497,-0.677171024764821,0.663428424224767,1.84,4.002,0,-0.827,-0.69,-1,0.130643705465582,-0.0809831301429021,1.92650341522845,8.27,69.1525,0,1.719,1.38,2.26,0.936269192059634,1.38520756567382
2014-08-31T18:08:40Z,R_O,RunningMove,RunningMove,RunningMove,0.434222512757792,,,,,,,0.125,0.25,0.0393077052844671,4,-0.301940888888889,1.73286795139986,0.111111111111111,2,0.5,0.3,0.00700150067040727,2,3,0.21672624001779,0.330853583400874,,,,,,0.68457919407481,0,0,0,,0,,,,3.31355831585473,0.514841052308143,0.202031378578864,0.632579255018782,1,1,1.79175946922806,0.696493200094429,,1.37,0,1,0.479776079161537,0.000733822176896954,-0.0420356616126051,-0.903382461330901,0.138418287758898,,0.12385808037588,0,0.336982603220604,,,,,,,0.5,0.5,0.0279530105829689,3,0.363272888888889,1.38629436111989,0.111111111111111,2,-0.5,0.3,0.715850183087908,2,3,0.148738339130049,0.125788677906504,,,,,,0.500064654527007,0,0,0,,0,,,,2.06497638361651,0.451235175130682,0.336107958080548,0.638250159253363,1,1,0.538996500732687,0.84975159769063,,1.35,0,1,0.261423095814662,0.00381277992161692,-0.0275964432651486,0.570712601416512,0.217583851812772,,0.117997520663857,0,0.404416444039286,,,,,,,0,0,0.0260487816829303,4,-0.229009222222222,1.73286795139986,0.111111111111111,3,-0.75,0,0.423785285490359,3,3,0.34996787302685,0.600129500561655,,,,,,0.662483444101279,0,0,0,,0,,,,2.11961140867874,0.460457853534108,0.251411712889349,0.716720482691737,1,1,0.980829253011726,1.17888129644639,,2,0,1,0.40338414516209,0.00767335827546701,0.896944288167826,1.15694733249623,0.116027604262754,,0.150002146356707,0,1.138,2.13,0.56,0.649252561711457,0.473524826069997,3.8378262960184,11.38,148.4732,0,-0.614,-0.06,-1.94,0.717839350644232,-1.11150250870345,3.03577961397983,6.14,60.8156,0,-1.419,0.13,-3.13,1.04327955132947,-0.498888922232631,5.34048611405824,14.19,249.7631,0,3.197,0.75,5.82,0.578013840664737,3.52478368130585
2014-09-10T16:58:47Z,R_O,notMoving,notMoving,notMoving,0.336456733230927,,,,,,,1,1,,2,0.000598499999999999,1.47507631105469,0,2,0.57,-0.222222222222222,0.79189473149339,2,3,0.360448686217142,0.327571433844601,,,,,,0.546515331685141,0,0,0,,0,,,,0.881438139210859,0.755757673024313,0.26482209154065,0.580580510846809,2,1,0,0.0889622712968015,,1.48,0,1,0.452906405529953,2.7403190561482e-07,-0.0413634621374951,-0.0818806741862495,0.106595838911501,,0.16453993175955,0,0.53299513321785,,,,,,,1,1,,5,-0.009763625,1.27703425946614,0.25,1,-0.325,0.111111111111111,0.683126978184189,3,3,0.2716291155116,0.171654986352244,,,,,,0.782045713379533,0,0,0,,0,,,,4.28589173166161,0.437677544185602,0.331997944521919,0.550945328043431,1,2,0.356674943938732,0.18078697013731,,2,0,1,0.484603431493855,6.46040957522903e-06,-0.326066467917203,0.0230067410442599,0.186339427397752,,0.290832876283006,0,0.362232816102698,,,,,,,0.714285714285714,1,,2,0.023436,1.47507631105469,0.25,2,-0.825,-0.222222222222222,0.689404275583094,2,2,0.062499529689871,0.643955638737401,,,,,,0.566813762449282,0,0,0,,0,,,,1.35392537563807,0.703013525234846,0.29914485234101,0.579785374637735,2,1,0.470003629245736,0.323021449973306,,1.73,0,1,0.374151654514863,6.5772914577149e-05,-0.193029489974978,-0.240031363511054,0.177695595068097,,0.17282413229505,0,0.625555555555556,0.75,0.56,0.0776387646590141,0.647629610081332,1.59877151594929,5.63,31.9119797648586,0,-0.143333333333333,0.13,-0.31,0.183507493035026,0.461793134872179,0.73915257610387,1.29,2.82087140953075,0,-0.612222222222222,-0.13,-0.81,0.281503897742899,0.958210040934414,2.07333128642264,5.51,33.1828437226373,0,1.43888888888889,1.01,1.63,0.772204636090719,1.0159724405711
2014-09-14T08:50:41Z,W!_B!,CCONE,CCONE,CCONE,0.497350375914358,,,,,,,0.428571428571429,1,0.0302774222531128,4,0.0813500000000001,1.90615474653985,0.444444444444444,4,-0.9,0.2,0.357775704331313,3,3,0.76262188680649,0.585835394125211,,,,,,0.7299876550751,0,0,0,,0,,,,1.06327550027764,0.443148940538273,0.28378043673724,0.133504005759463,2,2,1.79175946922806,0.746525284233562,,1.7,0,1,0.317432875812406,0.00111087526072184,-1.08617066561993,0.00561102010041858,0.236783240429337,,0.21689842544684,0,0.247706422018349,,,,,,,0.428571428571429,1,0.018348623853211,4,-0.0527661111111111,1.38629436111989,0.111111111111111,2,0.55,0.6,0.571664445279946,3,3,0.107602205956544,0.146279348637428,,,,,,0.551377596745671,0,0,0,,0,,,,0.0750775298442436,0.184029491625453,0.10693120227084,0.290726095561726,1,3,1.17865499634165,0.380770417851901,,1.61,0,1,0.24872089345059,0.000114722110449899,0.336682937334488,-0.029742037936131,-0.0358975120203558,,0.186938741445501,0,0.0213002655737019,,,,,,,0.375,0.875,0.0740762426549006,2,0.100374888888889,1.90615474653985,0.444444444444444,4,-1.05,0.1,0.82826329217016,2,2,0.534458890306532,0.235860334613341,,,,,,0.500045830129239,0,0,0,,0,,,,2.55283777109808,0.147705904525579,0.302208913679498,0.301351277110942,1,1,Inf,0.636954559690965,,1.36,0,1,0.304704153216674,0.000175511024318962,0.647717823062544,-0.20644068174224,-0.258665012449869,,0.327567572125892,0.1,0.062,1,-0.88,0.724120922989463,-0.0878410989108672,1.84416185943374,3.79461675171051,23.973,0.1,0.6,1,0.13,0.315136654661293,0.0545235445190343,1.99528757277005,6,40.3968,0,-0.594,0.13,-1.25,0.461018196796805,0.119089829309605,2.3379512827784,5.94,44.691,0,1.834,0.69,2.56,0.574891294072192,1.54064921380566
2014-09-14T08:53:26Z,W!_B!,Feed,Feed,Feed,0.105070847275581,,,,,,,0.857142857142857,1,-0.0212830999297724,4,0.256046,0.376770161256437,0.111111111111111,2,0.5,0,1,3,4,0.0389624587261793,0.704060125952099,,,,,,0.500054622717418,0,0,0,,0,,,,3.29457565710479,0.054632196501991,0.0404150763059751,0.0556797774342673,3,3,0,0.448971045837034,,1.61,0,1,0.641968999795942,0.000249610768111042,0.68873930006133,-0.588564885648827,-0.143926529638003,,0.261601846839073,0,0.274823013821778,,,,,,,0.75,1,0.322978237255122,6,0.0105302222222222,1.07354284640852,0.222222222222222,2,0.05,0.1,0.782998889883813,2,6,0.123395426130227,0.0468212948736418,,,,,,0.685706580256994,0,0,0,,0,,,,16.7327276617708,0.149421200533249,0.128999356794146,0.458559002611341,3,2,0.336472236621213,0.441241934140948,,1.46,0,1,0.713633872251564,0.00010775649485882,0.375224965611541,0.800670178568232,-0.017964784908829,,0.18338055216898,0.3,-0.122715559270093,,,,,,,0.333333333333333,1,-0.391074662209221,1,-0.115702,1.49417513828931,0.111111111111111,5,-0.85,0.1,0.32304314509129,1,4,0.129984844820917,0.0831091333701259,,,,,,0.500045830129239,0,0,0,,0,,,,3.75558368623276,0.107966605408596,0.296347343398837,0.279057191419235,1,1,0.741937344729377,0.412553026894725,,0.61,0,1,0.531611867932404,7.69935654294324e-05,-0.67811928544495,0.139382487152611,-0.51682906858147,,0.444907740016915,0,0.408,0.69,-0.88,0.463867797258371,-2.07222675739069,1.97844848078766,4.08,25.458,0,0.338,1.38,0,0.487141321042125,1.091133298404,1.75765093579542,3.38,22.0934,0,-0.724,0.13,-1.25,0.35724874620727,1.04424145074964,2.17830044793792,7.24,56.1608,0,1.672,1,3.07,0.707106781186548,1.91324331960156
2014-09-14T08:50:40Z,W!_B!,SlowMove,SlowMove,SlowMove,-0.0537828093751946,,,,,,,1,1,-0.113480129265305,4,-0.192919888888889,1.49417513828931,0.333333333333333,2,0.45,0.5,0.743160749597573,1,4,0.0704216082379189,0.274064274219252,,,,,,0.500045830129239,0,0,0,,0,,,,3.60028763243516,0.328432084562307,0.190864720785813,0.321397124475587,1,1,0.650587566141149,0.494320521299468,,0.68,0,1,0.243899323120739,0.000293942391831518,-0.36723228316565,-0.200403668506055,-0.0191944323957032,,0.175885854831541,0,0.229115221544053,,,,,,,0.571428571428571,0.714285714285714,-0.0176660609731476,4,0.341871777777778,1.90615474653985,0.222222222222222,5,0.1,0.3,0.30885521496575,3,4,0.239869883234943,0.375489421484548,,,,,,0.551368741733919,0,0,0,,0,,,,1.84810913203944,0.237373753619388,0.206400348059894,0.266314756147603,1,1,0.980829253011726,0.715508754508132,,2.11,0,1,0.357214481144284,0.000420521579056562,-0.402841934225481,0.458614050246067,-0.0821172685341087,,0.184156665175358,0.2,0.312253895397995,,,,,,,0.428571428571429,0.857142857142857,0.0490820147360792,6,0.019575,1.38629436111989,0.111111111111111,1,-0.65,-0.2,0.021550811827106,3,3,0.283297783923296,0.240641511000158,,,,,,0.765564807747319,0,0,0,,0,,,,4.62326806001074,0.174356377957301,0.391325664952806,0.727789197183648,1,1,0.944461608840851,0.381280736465927,,2.05,0,1,0.621687736116396,5.02022044161284e-05,0.890223336525095,0.20633474299273,-0.309211554537307,,0.375020329841434,0,0.269,0.56,-0.69,0.400706320833045,-1.34112626931329,1.50138089256022,2.69,14.1335,0,0.625,1.5,0,0.598094195479831,0.239056861371594,2.5994243366495,6.25,54.8785,0,-0.714,0.06,-1.25,0.383643352897222,0.250429673039641,2.39430759710969,7.14,57.5956,0,1.784,1.12,3.07,0.791959594928933,1.91324331960156
2014-09-14T08:50:45Z,W!_B!,notMoving,notMoving,notMoving,-0.40280101317531,,,,,,,1,1,,1,-0.3735882,0.562335144618808,0.2,1,-0.25,-0.5,0.792264630995598,1,4,0.290051173151504,0.161321768168872,,,,,,0.500045830129239,0,0,,,,,,,723.671557316388,0.249879228422867,,,1,1,0,0.637353904828393,,0.69,0,1,0.179606208050309,0.00187101344884682,-0.231420163339325,0.0606863952746294,-0.448558655862113,,0.227510176836003,0,-0.249393486608506,,,,,,,0,0,,1,0.6690418,0.562335144618808,0,2,1.1,-0.5,1,1,4,0.121760760311593,0.269959702965245,,,,,,0.500045830129239,0,0,,,,,,,727.233537806523,0.124724377932325,,,1,1,0,0.718136477279911,,0.55,0,1,0.321604572950306,0.0032685720362035,0.493187181069651,-0.0792458268392004,-0.357271240175579,,0.278349761514889,0.166666666666667,0.117412333736397,,,,,,,0.25,1,,4,-0.1523344,1.03972077083992,0.4,1,-0.95,0.166666666666667,1,2,4,0.103577422362411,0.0749999999999998,,,,,,0.500045830129239,0,0,,,,,,,729.525384298136,0.123710674333867,,,1,1,0,0.582134005191245,,1,0,1,0.406635646916566,0.000686808532124586,-0.657949444866397,-0.00707025964364628,-0.504506428532302,,0.290282436965696,0,-0.188333333333333,0.56,-0.69,0.406665300544154,0.723330221979389,0.976859676496483,1.13,2.9763,0,1.04333333333333,1.5,0,0.525953103105844,-1.17744725611894,2.90026135506628,6.26,42.212,0,-0.71,0.06,-0.94,0.406693988153255,1.0189217721439,2.12298855549994,4.26,20.4364,0,2.14833333333333,1.12,2.38,0.791959594928933,1.65218037756172
2014-09-04T10:11:31Z,W!_W!,Feed,Feed,Feed,0.47800930608942,,,,,,,1,1,0.0263402791826826,6,-0.00763677777777778,1.38629436111989,0.222222222222222,2,-0.225,0.2,0.805749630508847,3,2,0.398794692177169,0.184367461903582,,,,,,0.746437124483762,0,0,0,,0,,,,5.12912090685698,0.363301691402412,0.096712474981358,0.110502592767985,2,2,0.606135803570316,0.215992541023476,,2.38,0,1,0.468928228640603,8.88523842691545e-06,0.358362014841595,-0.140537740926657,-0.0861114561293633,,0.25913577221729,0.1,0.104759927487062,,,,,,,0.714285714285714,1,0.20322763593644,4,-0.108444888888889,1.49417513828931,0.111111111111111,2,0.45,0.4,0.368592114021251,3,4,0.0804910970226352,0.232761617564885,,,,,,0.500045830129239,0,0,0,,0,,,,0.51750698447079,0.17224625000576,0.0794114926764065,0.121349572535284,4,1,0.379489621704904,0.368921099664654,,2,0,1,0.515745491608145,0.000102015489527016,-0.0137364496564452,-0.456550359759195,-0.118442470590004,,0.143494530119099,0,0.482387498531312,,,,,,,0.375,0.625,-0.00289037715897074,3,-0.00693788888888889,1.66746193342929,0.222222222222222,2,0.65,-0.4,0.00629502291030305,2,4,0.26951240164798,0.0841850659022087,,,,,,0.712822121335727,0,0,0,,0,,,,1.06526716027307,0.628816393794847,0.52236356156938,0.210353127462435,2,1,1.38629436111989,0.418154012031187,,1.29,0,1,0.391482577793219,0.00014921540808089,-0.556670124376618,0.293321969461771,0.0515005697533164,,0.2313248040893,0,0.056,0.31,-0.25,0.209613400759059,-0.281479143567812,0.588923210580347,1.22218571614089,2.2708,0.1,0.513,0.81,-0.25,0.331228353590423,-1.04290054757699,1.83462522363675,5.13,30.9727,0,0.858,1.5,0.31,0.388981576256083,0.54463322708414,2.57305197557259,8.58,80.089,0,1.603,1.06,2.19,0.767528501099471,1.58306664420674
2014-09-10T15:46:45Z,W!_W!,Nest,Nest,Nest,0.275874500633343,,,,,,,1,1,-0.000808730390723961,5,-0.00413011111111111,1.66746193342929,0.222222222222222,2,-0.125,0,0.304445735402532,3,3,0.451669293926521,0.305748290942069,,,,,,0.575349891146244,0,0,0,,0,,,,6.88143810405142,0.291667650606137,0.208370044845854,0.217565793070521,1,2,0.470003629245736,0.217070137154894,,1.4,0,1,0.370561904305318,3.36987530269699e-06,0.148116823298539,0.182749956052351,-0.0479104738920121,,0.175398619789326,0,0.173410404624277,,,,,,,1,1,0.0885115606936416,5,-0.0916462222222222,1.49417513828931,0.222222222222222,2,-0.25,0,1,3,5,0.0949464882723827,0.636813178146472,,,,,,0.500051672067483,0,0,0,,0,,,,7.45526189554808,0.274382277043512,0.203739291968469,0.243094306406828,1,1,0.367724780125317,0.400929475649327,,1.36,0,1,0.443853154952674,0.000104353375054645,0.116878785188212,0.426281363865589,-0.0676319137613926,,0.147801446159859,0,0.201048789022234,,,,,,,0.25,0.875,-0.0213550089369308,2,-0.0268218888888889,1.38629436111989,0.222222222222222,5,0.95,0.6,0.433867680079329,2,5,0.350181754909196,0.288671630584377,,,,,,0.500045830129239,0,0,0,,0,,,,8.94358473663901,0.223633801426786,0.285890007117182,0.129098884742055,1,1,0.405465108108164,0.451112821562165,,1.25,0,1,0.227340808722108,0.000157296542428932,-0.323638954599821,-0.224036575355073,-0.117342926997491,,0.202456093859163,0,0.061,0.31,-0.13,0.184959455016498,0.177722415413485,0.520038131666684,0.967996168636965,1.7131,0.1,0.05,0.75,-0.25,0.350745238345758,0.566217995809767,0.880170911963302,1.78417903598809,5.1588,0.1,0.747,1.06,0.13,0.342768143210538,-1.01124296720059,2.40125173993479,7.47,61.0699,0,1.21,0.63,1.69,0.376696164036747,1.1323427043082
2014-09-10T15:47:53Z,W!_W!,SlowMove,SlowMove,SlowMove,0.372019423978567,,,,,,,1,1,0.166451774949766,3,0.00766666666666667,1.66746193342929,0.222222222222222,2,0.225,0.3,0.667241851205089,2,2,0.28066981232567,0.243733180129755,,,,,,0.705280764218731,0,0,0,,0,,,,1.86135943622818,0.430064025014323,0.177837257761514,0.800599785417702,1,1,0.510825623765991,0.234787137637478,,1.4,0,1,0.707931159996651,3.37051015016593e-06,0.00540022726794489,0.404295355957108,-0.126430182588129,,0.144089925215021,0,0.587901704718964,,,,,,,0.714285714285714,1,0.0210368427670696,5,-0.00251388888888889,1.66746193342929,0,2,0.175,0,0.681126931014698,3,3,0.213527424256475,0.257500133989158,,,,,,0.835827255022566,0,0,0,,0,,,,4.20728977512881,0.658180136187075,0.400299241467573,0.514935440268148,2,1,0.693147180559945,0.222286101929723,,2.28,0,1,0.608322355204805,8.69008264506259e-06,0.431188212132568,-0.241290033796017,0.148733139102303,,0.27646570872957,0,0.111849225601791,,,,,,,0.75,1,-0.0836956521739131,2,0.0629368888888889,1.49417513828931,0.222222222222222,3,0.15,0.1,0.315183993115096,2,3,0.530835691684019,0.611682171322048,,,,,,0.500045830129239,0,0,0,,0,,,,5.20521499152608,0.434753621549413,0.358151574371685,0.342976012727418,2,1,0.492476485097794,0.393619246367745,,1.45,0,1,0.147308972568586,7.25185843204648e-05,0.00437813944978127,-0.0131169999957053,0.0681844636557005,,0.117433576848468,0,-0.032,0.25,-0.31,0.230400617283124,0.153226366521816,0.528890956545514,1.35260114868863,2.3344,0.1,0.489,0.88,0.19,0.248705537623199,0.344011002418769,1.49322260703707,4.89,26.6643,0,0.596,0.94,0.13,0.308660187117016,-0.489111502860572,1.94162779855169,5.96,39.652,0,1.291,0.63,1.5,0.376696164036747,0.960885008728932
2014-09-18T15:46:05Z,W!_W!,notMoving,notMoving,notMoving,,,,,,,,1,1,,,0,0,0,0,,,,0,5,,,,,,,,0.881966011250108,0,0,,,,,,,,,,,0,0,0,0,,0,0,1,0,0,7.85046229341887e-17,-6.63485160886875e-17,,,,0,,,,,,,,1,1,,,0,0,0,0,,,,0,5,,,,,,,,0.881780170016905,0,0,,,,,,,,,,,0,0,0,0,,0,0,1,0,0,7.85046229341887e-17,-6.63485160886875e-17,,,,0,,,,,,,,0,1,,,0,0,0,0,,,,0,5,,,,,,,,0.927050983124845,0,0,,,,,,,,,,,0,0,0,0,,0,0,1,0,0,1.57009245868378e-16,-1.32697032177375e-16,,,,0,0.25,0.25,0.25,0,,0.625,1.25,1.5625,0,0.44,0.44,0.44,0,,1.1,2.2,4.84,0,0.75,0.75,0.75,0,,1.875,3.75,14.0625,0,1.44,1.44,1.44,0.904765162901402,0.904765162901402
2014-02-19T12:19:04Z,W!_Y!,Feed,Feed,Feed,0.662737642585551,,,,,,,1,1,-0.0144486692015207,5,4.88888888888889e-05,1.2130075659799,0,2,-0.445,0.2,0.542761066921435,3,5,0.415028932978286,0.433446990854319,,,,,,0.910902878659629,0,0,0,,0,,,,4.9924958633544,0.64175007867988,0.395710439736968,0.551768119228651,1,1,0,0.0310017920628971,,2.08,0,1,0.871448514749319,1.40337373025083e-09,0.104871359760126,0.0538643517215805,-0.0429340901178756,,0.335197050290135,0,0.191594421409725,,,,,,,1,1,-0.226272144741802,4,0.00636433333333334,1.73286795139986,0.111111111111111,1,-0.475,0.3,0.455102584549052,2,2,0.230717577426198,0.170502353262381,,,,,,0.589068117363439,0,0,0,,0,,,,7.07790847923489,0.132370936830621,0.361040305956085,0.39986054287899,1,1,0.0689928714869514,0.163630681719536,,1.39,0,1,0.464503311960951,2.71794804264694e-06,0.286697924050187,0.0774049974712322,-0.0749499865035399,,0.344841084246701,0,0.286027215399934,,,,,,,0.571428571428571,1,-0.0991702621971457,4,0.0112787777777778,1.73286795139986,0,1,0.575,0.3,0.625310948270616,3,4,0.283435676501875,0.174537578052429,,,,,,0.652639596829669,0,0,0,,0,,,,14.7428531835222,0.191583514105161,0.522811303373864,0.591029201406764,1,1,0.143100843640673,0.188819431674226,,1.65,0,1,0.438682335415975,6.98923857494214e-06,0.309843013499486,0.0934877834734985,-0.0619316279442989,,0.307049866827992,0,-0.406,-0.33,-0.45,0.0483505716385833,0.512134114388671,0.915087527341889,4.06,16.588,0,-0.364,-0.19,-0.64,0.153565042318303,-0.485460207451674,1.1321388458791,3.64,14.3076,0,0.696,0.88,0.41,0.163652748899071,-0.271935266385439,1.79808129457163,6.96,49.6396,0,1.466,1.36,1.58,0.827163828996409,0.998599018625594
2014-02-26T12:50:38Z,W!_Y!,Nest,Nest,Nest,0.417708333333333,,,,,,,1,1,0.0164772727272727,5,-0.000489888888888889,1.66746193342929,0,2,-0.49,-0.7,0.688850962577394,2,5,0.522525663748889,0.227130689445945,,,,,,0.748491031993205,0,0,0,,0,,,,0.205529096761552,0.441029093035809,0.188749538465756,0.596941827728142,1,1,0,0.0655320108377917,,0.8,0,1,0.687042808728625,4.16729927752474e-08,-0.0852276497077518,0.103262865514279,0.038645709629454,,0.194735036871892,0,0.0251398747994044,,,,,,,1,1,0.0491564140004915,2,-0.0240308888888889,1.38629436111989,0.222222222222222,2,0.15,-0.6,0.832806817948772,2,5,0.0778658145815499,0.0746923507499073,,,,,,0.500045830129239,0,0,0,,0,,,,3.48888734245085,0.0159575103110208,0.364074166525018,1.04594594254312,1,1,0.405465108108164,0.395625383973835,,0.75,0,1,0.307460982186814,0.000196185087069778,0.31839054229232,-0.188528090872879,-0.288883091993648,,0.265166971797417,0,-0.0943871234007428,,,,,,,0,0.777777777777778,-0.00187783739166322,2,0.00337288888888889,1.49417513828931,0,2,0.775,0.1,0.326396269479677,1,5,0.0573911322891923,0.0691213796719974,,,,,,0.500045830129239,0,0,0,,0,,,,0.185467678420207,0.121276874398939,0.476093195334,0.977185664973791,1,1,0.287682072451781,0.230006038568073,,0.31,0,1,0.147847192777335,2.73126861204731e-05,0.0925476432481763,0.0711865705454575,-0.255476131515504,,0.170846803629158,0,-0.446,-0.33,-0.5,0.068507907086214,0.731650779716349,1.05240299723078,4.46,20.0996,0,0.091,0.8,-0.19,0.277226341541428,1.44801845855373,0.880329960547736,1.10155040054369,4.0485,0.1,0.826,1.23,0.75,0.146757547600721,2.01575822879403,2.01954165415975,8.26,69.0816,0,1.451,1.27,2.45,0.908074886779719,1.52620444239951
2014-03-20T10:55:39Z,W!_Y!,SlowMove,SlowMove,SlowMove,0.199144710971294,,,,,,,1,1,0.00233975619347228,3,0.00944488888888891,1.66746193342929,0.222222222222222,3,-0.45,0.4,0.30529618801636,2,2,0.216976698818496,0.184802203573177,,,,,,0.500045830129239,0,0,0,,0,,,,18.1928737295861,0.536002511786057,0.539573326476089,0.420327134979948,1,1,0.916290731874155,0.402775095776511,,1.41,0,1,0.169393817078674,0.000137003331757932,-0.0219810953164387,-0.162378767152788,0.0857151248208868,,0.109355083509639,0,0.413258710389406,,,,,,,1,1,-0.0438751379473435,5,0.000707888888888888,1.73286795139986,0.444444444444444,3,-0.025,0.2,0.944058653413035,3,2,0.224925327362087,0.221450276358033,,,,,,0.738478200204298,0,0,0,,0,,,,4.03916468711785,0.243085222795621,0.32659401589233,0.720147269357832,1,1,0.27443684570176,0.158069956383593,,2,0,1,0.474370703076862,2.23398665826972e-06,-0.294869788363597,0.055318148909378,0.00526046489088854,,0.31659212201574,0,0.561736511363006,,,,,,,0,0.428571428571429,0.0484720628324965,4,-1.26307844444444,1.66746193342929,0.222222222222222,1,0.7,0.3,0.694632530140988,3,5,0.0966077355522783,0.0859567164285725,,,,,,0.79065185979092,0,0,0,,0,,,,1.4026555316038,0.564297160501177,0.184936534794186,0.315182204756063,2,2,0.606135803570316,0.955136697604647,,1.66,0,1,0.521492645509192,0.00396510277582939,-0.928530820232271,0.978838659438889,0.376283745088996,,0.202806411002596,0,-0.412,0.05,-0.97,0.300695490118787,0.0497959814719689,1.5184495792898,4.12,20.707,0,-0.151,0.02,-0.36,0.145407473443882,-0.314406848477711,0.666961259069519,1.51,3.2255,0,0.074,0.83,-1.61,1.02067733501936,-0.758596147169164,2.42036967796695,5.86597016634853,47.058,0.1,1.461,1.14,2.02,0.837854402626137,1.65051507112174
2014-03-20T10:56:01Z,W!_Y!,StatMove,StatMove,StatMove,0.440666795890676,,,,,,,0.875,1,-0.213103314595852,3,0.0374747777777778,1.73286795139986,0.111111111111111,3,-0.45,0.2,0.674747844971916,2,2,0.0815234087899654,0.0957977492536823,,,,,,0.818871178727611,0,0,0,,0,,,,2.4226909107411,0.288416941960498,0.353319772909342,0.312327835850252,1,1,0.54654370636807,0.302907209847798,,1.76,0,1,0.631889354879812,2.75640039839286e-05,0.746813133190912,0.238300374269093,0.121072746588599,,0.352470964372463,0,0.234085785326461,,,,,,,1,1,-0.0011083806334225,3,0.000889000000000002,1.90615474653985,0.222222222222222,5,-0.35,0.4,1,2,2,0.359939609770463,0.341852147532767,,,,,,0.500072107224057,0,0,0,,0,,,,6.2877117374853,0.190952868925513,0.409370426935174,0.708092567173875,1,1,0.747214401830221,0.511272921246569,,1.2,0,1,0.205723550007611,0.000261146521144827,0.328186288746517,0.0208893187146837,0.0840307299717197,,0.190998521351211,0,0.21437461107654,,,,,,,0.875,1,0.0995021779713752,2,-0.130430222222222,1.07354284640852,0.111111111111111,4,0.05,0.2,0.555093565364083,2,2,0.129933772330151,0.133417469868506,,,,,,0.500055582512418,0,0,0,,0,,,,1.87678430192549,0.219050390898171,0.21068838954988,0.324954505288788,1,1,0.887303195000903,0.52497089866434,,1.6,0,1,0.369977978994958,0.00022900312196204,-0.416541776508665,-0.331928787552668,-0.0947516362888122,,0.231067790656832,0,-0.418,0.28,-0.97,0.37090879382044,0.433065378857183,1.7935545521108,4.18,23.624,0,-0.141,0.56,-0.64,0.391505640657535,0.802179756927917,1.28516280427855,1.66096954982314,8.8491,0.2,0.47,0.97,-0.38,0.422558345741219,-0.693819784511745,1.97515907044433,4.7,29.88,0,1.391,0.25,1.86,0.1552417469626,1.10607413856396
2014-02-26T12:50:50Z,W!_Y!,notMoving,notMoving,notMoving,0.544453131264534,,,,,,,1,1,,5,-0.01732,1.242453324894,0.142857142857143,1,-0.45,0.125,0.837229614925106,3,5,0.120449700648946,0.0747427446447797,,,,,,0.870386086882481,0,0,,,,,,,0.662849067475104,0.531331392249102,0.170910749336621,1.11728287369457,1,1,0.251314428280906,0.186904610251682,,3,0,1,0.87376390826718,4.20500457463646e-06,-0.674444512349308,0.158855298785974,-0.0785257410910808,,0.347236840246383,0,0.535792344708519,,,,,,,1,1,,5,-0.0140607142857143,1.242453324894,0,1,-0.625,-0.375,0.552528851557547,3,5,0.231521923469869,0.0724827202015715,,,,,,0.780894180455791,0,0,,,,,,,6.50741774548186,0.530787777760967,0.386996010143238,0.194049360295869,1,1,0.619039208406224,0.213842398575613,,2,0,1,0.583175109282592,9.66570079498332e-06,-0.433654134733463,0.0558578126862774,-0.0562341062448404,,0.310256654737803,0,0.470827290868752,,,,,,,1,1,,5,0.0334384285714286,1.242453324894,0.142857142857143,1,0.55,0.125,0.487001510397062,3,5,0.144280831929553,0.0873301121791513,,,,,,0.858103058818166,0,0,,,,,,,0.0381240469813432,0.40140105316945,0.408118296808513,0.996932479971052,1,1,0.154150679827258,0.236250472410714,,3,0,1,0.886866244004016,7.65436279074827e-06,0.857054811861945,-0.20580209301194,-0.23190860241825,,0.35997689747371,0,-0.2175,0.28,-0.44,0.298460334765897,0.559172920263201,0.997102774184792,1.74,5.2768,0,-0.45875,-0.13,-0.61,0.220482425603493,0.638200636237359,1.34456190547714,3.67,14.7988,0,0.34125,0.61,-0.38,0.379565070649478,-0.765063917994057,1.42646165478549,2.73,11.0164,0,1.2125,0.25,1.64,0.1552417469626,0.959479025304879
2014-09-01T15:04:04Z,W_Bk,CCONE,CCONE,CCONE,0.0627825145486534,,,,,,,1,1,-0.00742996345919611,2,-0.00284988888888889,1.49417513828931,0,2,0.375,0,0.492375735992036,2,3,0.611647863632746,0.379488808582219,,,,,,0.500045830129239,0,0,0,,0,,,,1.65704980384522,0.37641055135062,0.382976609111117,0.702904552672751,1,1,0.0606246218164349,0.129496889709539,,1.44,0,1,0.120194909988322,1.72699078002351e-06,0.0360081207556037,-0.0105983450680596,0.0585365247195912,,0.108700929198045,0,-0.370809915207433,,,,,,,0.777777777777778,1,0.0076313310158864,1,0.026202,1.73286795139986,0,5,-0.575,0,0.324829915585583,1,2,0.0692464675635915,0.724755101352602,,,,,,0.500045830129239,0,0,0,,0,,,,5.00601918820148,0.720555047675941,0.951111505157207,1.33370133213392,1,1,0.382992252256106,0.32310988842807,,0.79,0,1,0.0286717462167969,3.99817997016725e-05,-0.0255046907232545,0.0667079254906753,-0.393160579764357,,0.166211060186586,0,0.00948923329277157,,,,,,,0.125,0.75,0.0276359600443951,3,0.1691,1.38629436111989,0,4,-0.7,0.2,0.327741557333177,2,4,0.0654065306658155,0.0695447702973073,,,,,,0.500045830129239,0,0,0,,0,,,,6.93636220043004,0.0989628422076625,0.370210881438728,0.901014710087341,1,1,0.526093095896779,0.734880942738346,,1,0,1,0.205640248006454,0.00316109603937801,0.31148466842955,0.19305212045487,-0.158221128040937,,0.174290876327107,0,0.371,0.5,0.19,0.0906090503205944,-0.280505329976927,0.976903819344894,3.71,14.1323,0,-0.587,-0.25,-0.94,0.184935424165061,-0.244862725213543,1.59807220743318,5.87,35.7975,0,-0.939,-0.63,-2.31,0.499276142697272,-1.99900177326692,3.12314634297445,9.39,98.2795,0,1.897,1.44,3.75,0.906752446922532,2.54356049662673
2014-09-03T09:44:54Z,W_Bk,DIGG,DIGG,DIGG,0.411137800370546,,,,,,,1,1,0.0187051364410804,3,-0.00108811111111111,1.38629436111989,0.222222222222222,1,0.35,0.2,0.305112920050686,2,3,0.336919788265221,0.283005227112536,,,,,,0.643591424965637,0,0,0,,0,,,,1.73538189428071,0.377311714712438,0.221705873259687,0.560695410231897,1,1,0.382992252256106,0.390409329351188,,1.24,0,1,0.352312661705604,0.000132736090752262,-0.289791749992342,0.294946611691999,0.20086385878385,,0.162314807993899,0,0.45228168463568,,,,,,,0.875,1,0.0416110224422657,4,-0.112818111111111,1.73286795139986,0.222222222222222,3,-0.55,0.3,0.00583015604941963,2,3,0.181049429904024,0.248592690305548,,,,,,0.702189315574507,0,0,0,,0,,,,3.26620036697404,0.49611736664184,0.186350831935634,0.535041915676736,1,1,0.693147180559945,0.434984035466948,,1.38,0,1,0.504117908676368,0.000122648434747699,-0.0281500705062133,-0.596345783935121,0.140532503765022,,0.126868715646693,0,0.45862643575552,,,,,,,0.125,0.25,0.0292130373544407,4,0.101546777777778,1.73286795139986,0.111111111111111,3,-0.65,0.2,0.0549903514511845,2,2,0.380732722066999,0.408260574691677,,,,,,0.709126275548803,0,0,0,,0,,,,1.34883169923766,0.558695533473653,0.259038977636056,0.602103166263279,1,1,0.628608659422374,0.499494188599271,,1.4,0,1,0.514162479301555,0.000125860642438017,0.131548694709588,0.694140745881828,0.106880811036869,,0.128730016510622,0,0.199,0.56,-0.44,0.345461044595962,-1.10625179942319,1.25596615729037,1.99,9.2993,0,-0.325,0.31,-0.75,0.412990449176626,0.488329732219234,1.64313230827074,3.25,18.2065,0,-1.028,-0.5,-1.63,0.473328638474369,-0.276189813688118,3.18621695042993,10.28,115.688,0,1.852,1.56,2.38,0.953205119583398,1.7165663401104
2014-09-03T09:40:25Z,W_Bk,RunningMove,RunningMove,RunningMove,0.337790093522688,,,,,,,1,1,0.0924142708694146,5,-0.00366011111111111,1.66746193342929,0.111111111111111,2,0.325,0.3,0.636767129969391,3,2,0.0927014785214033,0.100084975100082,,,,,,0.779811710489371,0,0,0,,0,,,,1.820055000144,0.359414261882289,0.461010736816587,0.566816840511498,1,1,0.251314428280906,0.139831247501328,,2.09,0,1,0.786755299446122,4.7563278966092e-07,-0.204718550035152,-0.260291853217404,-0.128912863089817,,0.203070565427168,0.1,0.318789566978982,,,,,,,1,1,-0.205248164092175,2,0.0239977777777778,1.25548232517875,0.111111111111111,1,-0.65,-0.1,0.304452607082397,5,5,0.0338488941439587,0.0359328137118368,,,,,,0.81114042792985,0,0,0,,0,,,,7.64302490217441,0.255751396234921,0.268103710721212,0.365871903177024,1,1,0.619039208406224,0.215953955997826,,,0,1,0.716712794806153,7.20862766648329e-06,0.640251636906879,0.102069438783477,-0.143901619807096,,0.450196016675922,0,-0.0338499717009882,,,,,,,0.555555555555556,1,-0.023923549131438,2,0.142867777777778,1.49417513828931,0.111111111111111,2,-0.95,0.3,1,1,2,0.114144660324997,0.305289292663816,,,,,,0.500045830129239,0,0,0,,0,,,,2.73882841099025,0.305053069577654,0.235895477121812,0.258809434034461,1,1,0.810930216216329,0.458596893917862,,0.64,0,1,0.229769269362646,0.000211732110074168,0.040599926528617,0.242869416095344,-0.0877999343727858,,0.12729685659933,0,0.368,0.56,0,0.160194326435808,-0.929036611296263,1.05309408202169,3.68,14.5404,0,-0.476,0.13,-0.69,0.264961213094378,1.01569088219586,1.60161273170261,4.76,25.528,0,-0.595,0.19,-0.94,0.357219198190069,0.915305241497461,2.03067878539573,5.95,40.5723,0,1.503,0.32,2.07,0.230217288664427,1.21856472950763
2014-09-03T09:49:40Z,W_Bk,SlowMove,SlowMove,SlowMove,0.52696676660614,,,,,,,1,1,-0.0218782990583168,6,-0.000787888888888889,1.2130075659799,0.222222222222222,1,0.475,0.4,0.728878916144067,4,4,0.104219184590896,0.128159057019742,,,,,,0.835255414009653,0,0,0,,0,,,,2.17253842202123,0.440782213646555,0.312848551792801,0.292391078310044,1,1,0.22314355131421,0.155840017681952,,3,0,1,0.671706726595133,2.484954401674e-06,0.405968906926662,-0.00356585647971958,-0.463759709633129,,0.388068947592062,0.1,0.536119715904406,,,,,,,1,1,0.0403281469005076,5,0.000287888888888901,1.49417513828931,0.222222222222222,2,-0.65,0.2,0.304447094936533,4,4,0.370490876962613,0.0933832388864888,,,,,,0.826128348008293,0,0,0,,0,,,,3.8553850250819,0.517266515341127,0.286644084483286,0.363652083455942,1,1,0.575364144903562,0.291352211440228,,2,0,1,0.643432740485978,1.94355356168256e-05,-0.625683212540137,-0.198361488961518,-0.165009315967171,,0.326386733178353,0,-0.371727679270983,,,,,,,0.666666666666667,1,0.021093043719338,1,0.0682027777777778,1.90615474653985,0.222222222222222,3,-0.75,-0.7,1,1,4,0.0474960068021895,0.152972078017331,,,,,,0.500045830129239,0,0,0,,0,,,,38.3044268316203,0.280189840348337,0.449893268922705,0.187533920746891,1,1,0.174353387144778,0.521003305598385,,0.4,0,1,0.0389662219536253,0.000497403731744378,-0.128074839595514,0.107062358931183,-0.496610365330488,,0.161051081294556,0,0.343,0.5,0,0.162210425750696,-0.623004510851803,1.05093702768897,3.43,12.9009,0,-0.327,0.13,-0.69,0.307139128807198,0.0554764666996414,1.2435329786135,3.27,14.7395,0,-0.633,0.19,-0.94,0.303609764152751,1.8648899471502,2.00123323786867,6.33,43.6445,0,1.367,0.32,1.82,0.230217288664427,1.08318973407248
2014-09-03T09:42:50Z,W_Bk,notMoving,notMoving,notMoving,,,,,,,,1,1,,,0,0,0,0,,,,0,3,,,,,,,,0.73532745333659,0,0,,,,,,,,,,,0,0,0,0,,0,0,1,0,0,0,0,,,,0,,,,,,,,1,1,,,0,0,0,0,,,,0,3,,,,,,,,0.747424928078886,0,0,,,,,,,,,,,0,0,0,0,,0,0,1,0,0,1.35973995551052e-16,-7.85046229341888e-17,,,,0,-0.166666666666666,,,,,,,1,1,,2,-0.000108,0,0,1,,,1,1,2,,,,,,,,0.500045830129239,0,0,,,,,,,,,,,1,1,0,0.0424264068711928,,0,0,1,0.75,2.99999999999999e-08,-0.0424264068711929,0,-0.666666666666667,,0.333333333333332,0,0.5,0.5,0.5,0,,1.5,1.5,2.25,0,-0.63,-0.63,-0.63,0,,1.89,1.89,3.5721,0,-0.67,-0.63,-0.69,0.0346410161513775,0.384900179459748,2.01,2.01,4.0401,0,1.8,1.76,1.82,1.02166530723129,1.05971694333912
2014-09-10T10:20:11Z,W_P,CCONE,CCONE,CCONE,0.434575955265611,,,,,,,0.857142857142857,1,-0.0578285181733458,4,0.00071,1.73286795139986,0,3,0.625,0.5,0.873367864289538,3,3,0.107282955328115,0.237552249844694,,,,,,0.778272078757197,0,0,0,,0,,,,3.16693999080892,0.406688437798844,0.142517603832562,0.635847592747892,1,1,0.0588405000229335,0.0942072184070839,,1.65,0,1,0.585918817548223,5.81471692219663e-07,0.160062358740894,0.0818271917414539,0.0910979306377111,,0.280343526452323,0,0.718879499942123,,,,,,,1,1,-0.0580391248987151,6,-0.00176011111111111,1.2130075659799,0.222222222222222,1,0.425,0.1,0.721260615848216,4,3,0.289393995919851,0.282134652406631,,,,,,0.913993541018423,0,0,0,,0,,,,7.13181196542414,0.882801770039777,0.181766675165777,0.467749996534169,1,2,0.127833371509885,0.126304306251916,,3,0,1,0.785717649612224,1.12785097506038e-06,-0.46583428348144,0.0975705261631686,0.225281709721943,,0.357396774495171,0,0.37447092097136,,,,,,,0.125,0.875,-0.00351419004583725,5,-0.0105307777777778,1.07354284640852,0,1,-0.875,-0.3,0.516935781978391,2,2,0.270420401510466,0.312322059000202,,,,,,0.6731682919468,0,0,0,,0,,,,4.75474499720916,0.211250988798746,0.248266882024812,0.251702041536347,1,1,0.382992252256106,0.218390577737329,,1.24,0,1,0.429367921243698,7.50353995605077e-06,-0.293749597069743,0.139955078139453,-0.156446618353721,,0.271335512213387,0,0.664,0.81,0.5,0.0976615470785599,0.0669132912664558,1.57510547368724,6.64,44.5188,0,0.222,0.44,-0.06,0.195947838864213,-0.152181833324468,0.819115111775768,2.22,6.6544,0,-0.833,-0.5,-1,0.184875333370596,0.977834915563601,2.12318587649461,8.33,70.8789,0,1.743,1.57,2.07,0.916787870774914,1.2729886095327
2014-09-10T10:12:48Z,W_P,Feed,Feed,Feed,0.330142391490822,,,,,,,0,0.857142857142857,-0.0386687253388231,5,0.00498011111111111,1.07354284640852,0,1,0.875,0.1,0.398713644462282,3,4,0.349002084368427,0.326473239755003,,,,,,0.714630864038171,0,0,0,,0,,,,1.90370001789795,0.339559422821637,0.597325925987197,1.08282611423694,1,1,0.287682072451781,0.190489136464816,,1.32,0,1,0.498952545506107,6.88690051138457e-06,0.331657470217424,0.0158970202242409,-0.29315837660871,,0.359044029723266,0,0.52555310419754,,,,,,,1,1,0.0427325706062584,5,0.0990687777777777,1.66746193342929,0.222222222222222,2,-0.55,0.3,0.494034514350433,3,3,0.269813341321346,0.228011471458047,,,,,,0.812154193419966,0,0,0,,0,,,,1.69453946995461,0.543687236733394,0.237616728561948,0.653571685708927,1,1,0.538996500732687,0.455506433665992,,1.83,0,1,0.68869887440711,0.000127569784220263,0.623029221404894,0.665272453436699,-0.00197847471885894,,0.227526710434372,0,0.262609640807866,,,,,,,0,0.857142857142857,0.00662015621445363,5,-0.00833588888888889,1.66746193342929,0,1,-0.775,0.3,0.311438698441817,3,5,0.0907241361262075,0.0724079909175164,,,,,,0.611308683841568,0,0,0,,0,,,,4.29464053112024,0.192726965948763,0.35374474444226,0.828461896749189,1,2,0.287682072451781,0.26757138196086,,1.99,0,1,0.360061221910467,5.19745606910044e-05,0.257922781256153,0.0276783472969562,-0.0738529530287184,,0.249626062349305,0,0.902,1.25,0.63,0.160955480387176,0.534866255969205,2.13776116072454,9.02,82.334,0,-0.037,0.69,-0.56,0.482885999889093,0.24955433611003,0.986243749208947,2.93795352821777,9.8487,0.1,-0.907,-0.75,-1.44,0.209658452409309,-1.51427382351616,2.29497016596093,9.07,84.0049,0,2.236,1.82,2.69,1.20307938225206,1.66856225535639
2014-09-10T10:04:41Z,W_P,SlowMove,SlowMove,SlowMove,0.329035078240882,,,,,,,0.333333333333333,1,-0.255843262836318,4,-0.0464637777777778,1.2130075659799,0.333333333333333,1,0.45,-0.3,0.624604086755342,4,4,0.095978719237376,0.0844090861064306,,,,,,0.808320105297058,0,0,0,,0,,,,3.33833503095362,0.169891511194469,0.415905593201639,0.449083844259307,1,2,0.575364144903562,0.282523352033853,,3,0,1,0.691072242318518,2.31873639845342e-05,-0.821829462002401,0.0504943326288213,-0.159929388070551,,0.438167455564732,0,0.303414000938515,,,,,,,0.857142857142857,1,0.189422203804033,5,0.00252222222222222,1.66746193342929,0.222222222222222,2,-0.35,-0.1,0.473722495441166,3,3,0.0904829326225902,0.0840008889522192,,,,,,0.696810124458801,0,0,0,,0,,,,5.38921616374328,0.218768853417906,0.0468290666954066,0.400620732839836,3,1,0.470003629245736,0.416326527833356,,2.07,0,1,0.692123511527922,5.74173000969705e-05,0.23493312433746,0.677374332086416,-0.109154188599207,,0.178411109310046,0,-0.0406518010291594,,,,,,,0.222222222222222,0.888888888888889,-0.00128097514689245,2,0.012442,1.73286795139986,0,3,-0.675,-0.2,0.501385500331461,1,3,0.437113481940731,0.197583398474422,,,,,,0.500045830129239,0,0,0,,0,,,,0.886116895114078,0.135588000266473,0.699826477148697,1.23867177850015,1,1,0.367724780125317,0.263391343821318,,0.59,0,1,0.196066388162506,1.98182364803489e-05,0.218273930463195,0.0505757761142714,-0.265821760753787,,0.314607910263424,0,0.613,1,-0.06,0.336321605345571,-0.477979490360611,2.09820327826549,6.13,42.5985,0,0.139,1,-0.31,0.426990762325265,0.612684869553944,1.11275462620473,2.43686581340597,9.3553,0.1,-0.807,-0.5,-1.06,0.174486548351314,0.0107794307332522,2.07612828813183,8.07,66.4769,0,1.769,1.06,2.31,0.639218272579876,1.41212605669607
2014-09-10T10:12:27Z,W_P,notMoving,notMoving,notMoving,-0.16455716080402,,,,,,,1,1,,1,-0.05897875,1.09861228866811,0.5,2,-0.025,0,1,1,3,0.12413798400976,0.272785511555838,,,,,,0.500045830129239,0,0,,,,,,,3.69994815600467,,,,1,1,0,0.345772082929396,,1,0,1,0.251256281407035,0.000120775368888889,-0.25298221281347,1.3854535689974e-18,-0.215583053691275,,0.248829909212233,0.4,-0.451145972407655,,,,,,,0.5,1,,1,0.10117825,1.09861228866811,0,2,0.45,-0.4,1,1,2,0.142165508592561,0.224750985237396,,,,,,0.500045830129239,0,0,,,,,,,29.6368489359202,,,,1,1,0,0.551203229308392,,1,0,1,0.00400534045393852,0.001101324304,-0.0379473319220206,1.32787321654838e-17,-0.478496425379804,,0.173400093247654,0,0.198685154195554,,,,,,,0,0.666666666666667,,3,-0.0091625,1.09861228866811,0,1,-0.875,-0.2,1,2,2,0.117695305103301,0.123590454054419,,,,,,0.500049989652663,0,0,,,,,,,2.22044604925031e-15,,,,1,1,0.693147180559945,0.152424844868982,,1,0,1,0.846342338034903,1.92837149999999e-06,-0.376311041560037,-2.82387800370998e-17,-0.576896149358227,,0.373048004626952,0,0.126,0.56,-0.06,0.2523489647294,0.887527250824024,0.619527337636232,0.63,0.767847597471245,0,0.514,1,0.19,0.299799933288852,0.581662492679705,1.59515223497915,2.57,6.98967763545026,0,-0.866,-0.69,-1.19,0.20452383724153,-0.540351441034161,2.41475539383258,4.33,18.9984110269939,0,1.53,1.38,1.75,0.908735385026907,1.2559458587057
2014-02-15T15:01:59Z,Y!_B!,Feed,Feed,Feed,0.702598175327251,,,,,,,1,1,0.00515668385561285,4,-0.0102083333333333,1.38629436111989,0.222222222222222,2,-0.55,0.4,0.613273558228629,3,3,0.634965293438363,0.463998501695076,,,,,,0.916791994575613,0,0,0,,0,,,,0.690802090768465,0.839132053883678,0.329738208289158,0.152927050924517,3,2,0.379489621704904,0.193778223750761,,1.97,0,1,0.857644532586724,3.9594608172107e-06,-0.644752769942424,-0.422228587436205,0.386058740687298,,0.296845794392523,0,0.362043770698897,,,,,,,1,1,-0.257601830038581,3,-0.005939,1.73286795139986,0,3,-0.775,0.6,0.308733808752361,3,3,0.198073636162436,0.636039851716815,,,,,,0.829193281116249,0,0,0,,0,,,,5.35749674537097,0.197509595682388,0.311073426824774,0.47589398659672,1,1,0.22314355131421,0.143003496460751,,1.98,0,1,0.729569859002721,1.62191319164976e-06,-0.447769670001463,0.0373277204067262,-0.0654473579506352,,0.436950822432647,0,0.175562831750422,,,,,,,1,1,-0.165678957108865,1,-0.260784777777778,1.66746193342929,0.333333333333333,5,-0.3,0.6,0.466298775458491,3,4,0.444397260731575,0.34150701613034,,,,,,0.650035537269401,0,0,0,,0,,,,4.79795014907593,0.0889532086089121,0.733228336509556,0.797178529447515,1,1,0.538996500732687,0.55060824952451,,1,0,1,0.562961211049625,0.000376479855799905,-0.99625283147026,-0.130238436959991,-0.409588901822758,,0.402813688364174,0,-0.01,0.33,-0.53,0.334730405616885,-0.577015952464771,0.683819992885941,2.05689786358227,5.0488,0.1,-0.561,-0.2,-0.77,0.18039770878072,0.383489464353112,1.53825747854852,5.61,32.7253,0,0.236,0.88,-0.55,0.46748024319513,-0.275825671086174,1.54863688695978,2.36,13.323,0,1.289,1.02,1.66,0.627853486093691,1.00548495761995
2014-02-15T15:02:15Z,Y!_B!,Nest,Nest,Nest,0.611127470411688,,,,,,,1,1,-0.165377427940427,7,0.0163843333333333,1.07354284640852,0.111111111111111,1,-0.325,0.6,0.641772071078796,3,5,0.045064782993723,0.0569778765304949,,,,,,0.905702905111029,0,0,0,,0,,,,4.40773149845977,0.504983165689472,0.32894524281889,0.642014730809237,1,1,0.318453731118535,0.178185296812055,,1.41,0,1,0.828053690656338,4.36036208951829e-06,0.720511187599998,0.121785474182984,-0.00240220162858558,,0.410718578536111,0,0.452930944512089,,,,,,,1,1,0.0269786049747782,5,0.0559431111111111,1.38629436111989,0.222222222222222,2,0.05,-0.7,0.873660876594397,2,5,0.162387683469161,0.133468418379756,,,,,,0.793141170620069,0,0,0,,0,,,,0.758848736370059,0.493129924692831,0.0745732225524632,0.438099160607388,1,1,0.0465200156348928,0.286434014119211,,0.79,0,1,0.731288740625716,1.9664773237628e-05,0.452475818301598,-0.481207838026709,0.0535708591822119,,0.216008597357109,0,0.48435913998339,,,,,,,0.25,1,-0.085817108055735,6,0.168933222222222,0.735621939758795,0.111111111111111,2,0.85,-0.7,0.683754181002828,2,8,0.202141562127233,0.211286685823253,,,,,,0.851492943288252,0,0,0,,0,,,,0.062593244768157,0.460139381125486,0.026552255221421,0.479297415459861,1,1,0.0465200156348928,0.38542545035036,,1.32,0,1,0.789813700747439,8.98751425387733e-05,1.05984827331772,-0.558180003821946,-0.0221280545123383,,0.33908851302666,0,-0.232,0.16,-0.53,0.28015075306778,0.54489309653957,1.1064804624751,2.32,8.7892,0,-0.206,0.03,-0.77,0.319694298423423,-0.89738973247449,1.17957520669157,2.06,8.8228,0,0.66,0.94,-0.27,0.490736408087093,-1.27308092940186,2.55244542118639,6.6,54.3952,0,1.332,1.25,1.57,0.909780193233508,0.979081201943945
2014-02-15T15:02:04Z,Y!_B!,VertMove,VertMove,VertMove,0.539474923149353,,,,,,,1,1,0.0946883048547453,6,-0.00521877777777778,1.38629436111989,0.222222222222222,2,-0.275,0.1,0.652039381113117,3,6,0.210044737761772,0.196219065436059,,,,,,0.837279076453549,0,0,0,,0,,,,0.078109680958958,0.456207886403604,0.00469367288484058,0.349128197449486,2,1,0.182321556793955,0.175150728738929,,1.66,0,1,0.708795824296156,2.15062670272119e-06,-0.325292287508086,0.238949559596752,-0.0193529893426377,,0.260530324563205,0,-0.00333949126048031,,,,,,,1,1,0.0773767230353844,2,-0.0228128888888889,1.38629436111989,0.222222222222222,4,-0.075,0.3,1,1,2,0.0499231535402883,0.0981833528885174,,,,,,0.500045830129239,0,0,0,,0,,,,1.10524006208837,0.0664636496626525,0.0103150089002703,0.141760759746179,1,1,0.251314428280906,0.233583199548065,,0.7,0,1,0.405333291442525,1.93367859197149e-05,-0.106505032676506,-0.195555854594113,-0.173119243488843,,0.170443213296399,0,-0.046639340131369,,,,,,,0,1,-0.0898197456616325,2,-0.338562111111111,0.376770161256437,0.111111111111111,4,0.9,0.1,1,1,9,0.0375551548367758,0.0392829589652589,,,,,,0.500045830129239,0,0,0,,0,,,,0.463171534592914,0.0123900389345157,0.0113080179485314,0.0209093956588558,1,1,0.251314428280906,0.488904671462421,,0.72,0,1,0.462840300620818,0.000602409351030965,-0.591916064022882,-0.336101055960644,-0.210085625394441,,0.317020541619639,0,-0.101,0.16,-0.27,0.200302548938128,0.425818112935321,0.637334623272482,1.20049686427862,2.8195,0.1,-0.195,-0.02,-0.69,0.197723151007778,-1.43195038792894,0.892843584071147,1.95,5.5005,0,0.733,0.92,-0.53,0.445447340696219,-2.24490510903773,2.60065267479326,7.33,61.7999,0,1.237,1.19,1.27,0.870574522944475,0.956713123146118
2014-02-15T15:04:44Z,Y!_B!,notMoving,notMoving,notMoving,-0.0658278628738147,,,,,,,1,1,,3,0.0041242,1.38629436111989,0.4,2,0.025,-0.166666666666667,0.646271287441091,1,3,0.127553757027353,0.277432038772948,,,,,,0.500045830129239,0,0,,,,,,,5.57997587591827,0.252452011894886,,,2,2,0,0.145533501297811,,0.36,0,1,0.181730497811816,5.34390382973713e-06,0.0405302021425293,-0.0197378081718455,-0.0820234209866249,,0.163901359880279,0,0.061744881088643,,,,,,,0.5,1,,5,-0.045945,0.562335144618808,0,1,-0.65,0.666666666666667,1,2,3,0.0560842548404472,0.405555555555556,,,,,,0.500045830129239,0,0,,,,,,,2.89407103067578,0.134963542174308,,,1,1,0,0.264196896272458,,1,0,1,0.667304387638306,5.312516244672e-05,-0.463557463844251,0.0318161683964074,-0.313233222690522,,0.377782435966541,0,-0.0710618292041693,,,,,,,0.8,1,,3,-0.6083532,0.562335144618808,0.2,2,-0.5,-0.166666666666667,1,1,3,0.0775824786686366,0.254475483360998,,,,,,0.500045830129239,0,0,,,,,,,4.67815447131179,0.0950746161231912,,,1,1,0,0.674736985795206,,0.29,0,1,0.376532495128515,0.00280788200393251,-0.585148070271839,0.0910295929119441,-0.153856312968943,,0.262925843918735,0,-0.0533333333333333,0.03,-0.25,0.110393236507798,-0.731972065810042,0.276224628145841,0.338673884437522,0.246,0.166666666666667,-0.635,-0.08,-0.83,0.280410413501353,1.1763747674072,1.73880991243035,3.81,15.5095,0,-0.225,0.92,-0.53,0.568603552574199,1.28100592987302,1.36562530650124,1.48687591950371,5.6209,0.166666666666667,1.25,1.25,1.25,0.870574522944475,0.956713123146118
